Fecha,Plataforma,Provincia,Localidad,Oferta_Empleo,Salario,Modalidad,Tipo_Contrato,Tipo_Jornada,Experiencia,Empresa,Requisitos
2025-10-11,Trabajoscom,Madrid,Todo Madrid,Carretillero especialista,Sin Data,Sin Data,Indefinido,Jornada Completa,Sin Data,Open To Work,Sin Data
2025-10-11,Trabajoscom,Córdoba,Todo Córdoba,Instalador/a de climatización,Sin Data,Sin Data,Indefinido,Jornada Completa,Sin Data,Eurofirms,Sin Data
2025-10-11,Trabajoscom,Zaragoza,Todo Zaragoza,Técnico/a en control de plagas affa30d6,Sin Data,Sin Data,Indefinido,Jornada Indiferente,Sin Data,EY,Sin Data
2025-10-11,Trabajoscom,León,Todo León,Carretillero/a logística. 1b498818,Sin Data,Sin Data,Indefinido,Jornada Indiferente,Sin Data,EY,Sin Data
2025-10-11,Trabajoscom,Tarragona,Todo Tarragona,Jefe/a de Obra: Constructora,Sin Data,Sin Data,Indefinido,Jornada Indiferente,Sin Data,Page Personnel ETT,Sin Data
2025-10-11,Trabajoscom,Madrid,Todo Madrid,Operario/a,Sin Data,Sin Data,Indefinido,Jornada Completa,Sin Data,Open To Work,Sin Data
2025-10-11,Trabajoscom,Madrid,Todo Madrid,Montador Mecánico Ajustador,Sin Data,Sin Data,Indefinido,Jornada Indiferente,Sin Data,Open To Work,Sin Data
2025-10-11,Trabajoscom,Madrid,Todo Madrid,Delegado/a Comercial,Sin Data,Sin Data,Indefinido,Jornada Indiferente,Sin Data,Page Personnel ETT,Sin Data
2025-10-11,Trabajoscom,Madrid,Todo Madrid,Montador Mecánico Ajustador,Sin Data,Sin Data,Indefinido,Jornada Indiferente,Sin Data,EY,Sin Data
2025-10-11,Trabajoscom,Barcelona,Todo Barcelona,Administrativo contable con proyección - Empresa líder.,Sin Data,Sin Data,Indefinido,Jornada Indiferente,Sin Data,Page Personnel ETT,Sin Data
2025-10-11,Trabajoscom,Madrid,Todo Madrid,Frigorista,Sin Data,Sin Data,Indefinido,Jornada Completa,Sin Data,Open To Work,Sin Data
2025-10-11,Trabajoscom,Gipuzkoa,Todo Gipuzkoa,Agente aparcamientos,Sin Data,Sin Data,Indefinido,Jornada Completa,Sin Data,Grupompleo,Sin Data
2025-10-11,Trabajoscom,Coruña,Todo Coruña,Ingeniero/a de Industrialización,Sin Data,Sin Data,Indefinido,Jornada Indiferente,Sin Data,Page Personnel ETT,Sin Data
2025-10-11,Trabajoscom,Barcelona,Todo Barcelona,Carretillero/a retráctil,Sin Data,Sin Data,Indefinido,Jornada Completa,Sin Data,Grupompleo,Sin Data
2025-10-11,Trabajoscom,Barcelona,Todo Barcelona,Group CRM Campaign Executive with English,Sin Data,Sin Data,Indefinido,Jornada Indiferente,Sin Data,Page Personnel ETT,Sin Data
2025-10-11,Trabajoscom,Barcelona,Todo Barcelona,Partnership Director - Sports company,Sin Data,Sin Data,Indefinido,Jornada Indiferente,Sin Data,Page Personnel ETT,Sin Data
2025-10-11,Trabajoscom,Barcelona,Todo Barcelona,Cocinero/a,Sin Data,Sin Data,Indefinido,Jornada Indiferente,Sin Data,Eurofirms,Sin Data
2025-10-11,Trabajoscom,Zaragoza,Todo Zaragoza,Profesor de Inglés,Sin Data,Sin Data,Indefinido,Jornada Indiferente,Sin Data,EY,Sin Data
2025-10-11,Trabajoscom,Madrid,Todo Madrid,Coordinador/a de montadores,Sin Data,Sin Data,Indefinido,Jornada Indiferente,Sin Data,Page Personnel ETT,Sin Data
2025-10-11,Trabajoscom,Madrid,Todo Madrid,Mozo/a Manipulador/a,Sin Data,Sin Data,Indefinido,Jornada Completa,Sin Data,Open To Work,Sin Data
2025-10-11,Trabajoscom,Málaga,Todo Málaga,DATA ANALYST- Cliente final,Sin Data,Sin Data,Indefinido,Jornada Indiferente,Sin Data,Page Personnel ETT,Sin Data
2025-10-11,Trabajoscom,Madrid,Todo Madrid,Jefe de Mantenimiento,Sin Data,Sin Data,Indefinido,Jornada Completa,Sin Data,Open To Work,Sin Data
2025-10-11,Trabajoscom,Bizkaia,Todo Bizkaia,Operario/a de almacén,Sin Data,Sin Data,Indefinido,Jornada Completa,Sin Data,Eurofirms,Sin Data
2025-10-11,Trabajoscom,Castellón,Todo Castellón,Responsable de Administración,Sin Data,Sin Data,Indefinido,Jornada Indiferente,Sin Data,Page Personnel ETT,Sin Data
2025-10-11,Trabajoscom,Sevilla,Todo Sevilla,Técnico/a de mantenimiento industrial,Sin Data,Sin Data,Indefinido,Jornada Completa,Sin Data,Eurofirms,Sin Data
2025-10-11,Trabajoscom,Navarra,Todo Navarra,Carretillero (H/M/X) para almacén,Sin Data,Sin Data,Indefinido,Jornada Indiferente,Sin Data,Manpower Trabajo Temporal,Sin Data
2025-10-11,Trabajoscom,Valencia,Todo Valencia,Técnico/a de Calidad,Sin Data,Sin Data,Indefinido,Jornada Indiferente,Sin Data,Page Personnel ETT,Sin Data
2025-10-11,Trabajoscom,Barcelona,Todo Barcelona,Senior Python Developer | Modelo Híbrido,Sin Data,Sin Data,Indefinido,Jornada Indiferente,Sin Data,Page Personnel ETT,Sin Data
2025-10-11,Trabajoscom,Toledo,Todo Toledo,Operario/a de Fabricación,Sin Data,Sin Data,Indefinido,Jornada Completa,Sin Data,EY,Sin Data
2025-10-11,Trabajoscom,Sevilla,Todo Sevilla,Técnico Financiero US GAAP (H/M/D),Sin Data,Sin Data,Indefinido,Jornada Indiferente,Sin Data,Page Personnel ETT,Sin Data
2025-10-11,Trabajoscom,Madrid,Todo Madrid,Conductor con carnet C,Sin Data,Sin Data,Indefinido,Jornada Completa,Sin Data,Open To Work,Sin Data
2025-10-11,Trabajoscom,Castellón,Todo Castellón,Técnico de Marketing,Sin Data,Sin Data,Indefinido,Jornada Indiferente,Sin Data,Page Personnel ETT,Sin Data
2025-10-11,Trabajoscom,Zamora,Todo Zamora,Conductor/a en Planta de Gestión Residuos,Sin Data,Sin Data,Indefinido,Jornada Completa,Sin Data,EY,Sin Data
2025-10-11,Trabajoscom,Madrid,Todo Madrid,Operario/a de Montaje Mecánico – Contrato temporal- Jornada intensiva mañanas,Sin Data,Sin Data,Indefinido,Jornada Indiferente,Sin Data,Manpower Trabajo Temporal,Sin Data
2025-10-11,Trabajoscom,Madrid,Todo Madrid,Office Manager (media jornada 10. 00 a 14. 00 h),Sin Data,Sin Data,Indefinido,Jornada Indiferente,Sin Data,Page Personnel ETT,Sin Data
2025-10-11,Trabajoscom,Madrid,Todo Madrid,Carretillero/a Mercamadrid,Sin Data,Sin Data,Indefinido,Jornada Completa,Sin Data,Open To Work,Sin Data
2025-10-11,Trabajoscom,Barcelona,Todo Barcelona,Asesor/a Comercial - Sector Educación,Sin Data,Sin Data,Indefinido,Jornada Indiferente,Sin Data,Page Personnel ETT,Sin Data
2025-10-11,Trabajoscom,Tarragona,Todo Tarragona,Profesor/a Microsoft Word,Sin Data,Sin Data,Indefinido,Jornada Completa,Sin Data,Grupo Hedima,Sin Data
2025-10-11,Trabajoscom,Gipuzkoa,Todo Gipuzkoa,INGENIERO/A MANTENIMIENTO MECANICO,Sin Data,Sin Data,Indefinido,Jornada Completa,Sin Data,AdegiLan,Sin Data
2025-10-11,Trabajoscom,Gipuzkoa,Todo Gipuzkoa,"Fabricante de ventanas, puertas y cerramientos de PVC",Sin Data,Sin Data,De duracion determinada,Jornada Completa,Sin Data,AdegiLan,Sin Data
2025-10-11,Trabajoscom,Gipuzkoa,Todo Gipuzkoa,Administrativo/a (media jornada),Sin Data,Sin Data,Indefinido,Jornada Indiferente,Sin Data,AdegiLan,Sin Data
2025-10-11,Trabajoscom,Gipuzkoa,Todo Gipuzkoa,Administrativo/a,Sin Data,Sin Data,De duracion determinada,Jornada Completa,Sin Data,AdegiLan,Sin Data
2025-10-11,Trabajoscom,Gipuzkoa,Todo Gipuzkoa,Técnico/a Marketing y Comunicación,Sin Data,Sin Data,Indefinido,Jornada Completa,Sin Data,AdegiLan,Sin Data
2025-10-11,Trabajoscom,Navarra,Tudela,OPERARIO/A SECTOR METAL,Sin Data,Sin Data,De duracion determinada,Jornada Completa,Sin Data,Temps,Sin Data
2025-10-11,Trabajoscom,Toledo,Illescas,PICKERS/PACKERS FIN DE SEMANA,Sin Data,Sin Data,De duracion determinada,Media Jornada,Sin Data,Temps,Sin Data
2025-10-11,Trabajoscom,Madrid,Campo Real,PROFESIONAL TALLER SALUD Y PREVENCIÓN PERSONAS MAYORES EN CAMPO REAL,Sin Data,Sin Data,Fijo discontinuo,Trabajo Por Horas,Sin Data,Hartford,Sin Data
2025-10-11,Trabajoscom,Toledo,Illescas,PICKERS/PACKERS 30H,Sin Data,Sin Data,De duracion determinada,Media Jornada,Sin Data,Temps,Sin Data
2025-10-11,Trabajoscom,Las Palmas,Puerto Del Rosario,Vigilante de seguridad aeropuerto de Fuerteventura,Sin Data,Sin Data,De duracion determinada,Jornada Completa,Sin Data,Ilunion,Sin Data
2025-10-11,Trabajoscom,Barcelona,Montcada I Reixac,MECANICO/A DE VEHICULOS,24.000 €,Sin Data,Indefinido,Jornada Completa,Sin Data,Temps,Sin Data
2025-10-11,Trabajoscom,Barcelona,Granollers,ADMINISTRATIVO/A COMERCIAL -GRANOLLERS-,Sin Data,Sin Data,De duracion determinada,Jornada Completa,Sin Data,Temps,Sin Data
2025-10-11,Trabajoscom,Barcelona,Barcelona,Camarera Piso,12 €,Sin Data,Indefinido,Media Jornada,Sin Data,Temps,Sin Data
2025-10-11,Trabajoscom,Barcelona,Cerdanyola Del Valles,Oficial/a mantenimiento.  Cerdanyola del Vallès.,Sin Data,Sin Data,De duracion determinada,Jornada Completa,Sin Data,CLECE,Sin Data
2025-10-11,Trabajoscom,Barcelona,Todo Barcelona,DEPENDIENTA/E TINTORERIA BARCELONA (H/M/D),12.000 € - 18.000 €,Sin Data,De duracion determinada,Jornada Completa,Sin Data,Pressto Enterprises,Sin Data
2025-10-11,Trabajoscom,Barcelona,Polinyà,SOLDADOR/A TURNO FIJO TARDE Y NOCHE,14 € - 16 €,Sin Data,De duracion determinada,Jornada Completa,Sin Data,Temps,Sin Data
2025-10-11,Trabajoscom,Barcelona,Todo Barcelona,Técnico/a frigorista especializado/a en climatización,Sin Data,Sin Data,Indefinido,Jornada Completa,Sin Data,Grupo Adecco,Sin Data
2025-10-11,Trabajoscom,Madrid,Todo Madrid,Conductor/a con ADR,19.000 € - 20.000 €,Sin Data,De duracion determinada,Jornada Completa,Sin Data,Grupo Adecco,Sin Data
2025-10-11,Trabajoscom,Palmas,Todo Palmas,Asesor/a Inmobiliario,Sin Data,Sin Data,Autonomo,Jornada Indiferente,Sin Data,RAFA BELLO S.L.,Sin Data
2025-10-11,Trabajoscom,Zaragoza,Cuarte De Huerva,Operario/a mantenimiento/reparación,Sin Data,Sin Data,De duracion determinada,Jornada Completa,Sin Data,Grupo Adecco,Sin Data
2025-10-11,Trabajoscom,Navarra,Todo Navarra,Carretillero/a - Sector Alimentación,9 € - 10 €,Sin Data,De duracion determinada,Jornada Completa,Sin Data,Grupo Adecco,Sin Data
2025-10-11,Trabajoscom,Murcia,Todo Murcia,Asesor/a Fiscal - Contable en Murcia Capital,Sin Data,Sin Data,Indefinido,Jornada Completa,Sin Data,BNFIX,Sin Data
2025-10-11,Trabajoscom,Murcia,Todo Murcia,Técnico/a de Gestión Laboral en Murcia Capital,Sin Data,Sin Data,Indefinido,Jornada Completa,Sin Data,BNFIX,Sin Data
2025-10-11,Trabajoscom, Valencia, Valencia,Maquinista de mallas para campaña citricos zona L’Horta Nord,9 € - 11 €,Sin Data,De duracion determinada,Jornada Completa,Sin Data,Grupo Adecco,Sin Data
2025-10-11,Trabajoscom,Madrid,Madrid,AYUDANTE TÉCNICO,20.000 € - 24.000 €,Sin Data,Indefinido,Jornada Completa,Sin Data,Anloar Sistemas de Seguridad,Sin Data
2025-10-11,Trabajoscom,Madrid,Todo Madrid,Oficial de primera en reparación de productos electrónicos domésticos,Sin Data,Sin Data,Indefinido,Jornada Completa,Sin Data,Grupo Adecco,Sin Data
2025-10-11,Trabajoscom,Madrid,Madrid,OFICIAL DE PRIMERA,30.000 € - 36.000 €,Sin Data,Indefinido,Jornada Completa,Sin Data,Anloar Sistemas de Seguridad,Sin Data
2025-10-11,Trabajoscom,Huesca,Huesca,Conductor Reparto C,Sin Data,Sin Data,De duracion determinada,Jornada Completa,Sin Data,Grupo Adecco,Sin Data
2025-10-11,Trabajoscom, Valencia, Valencia,Personal de báscula para campaña de cítricos zona L’horta Nord,9 € - 11 €,Sin Data,De duracion determinada,Jornada Completa,Sin Data,Grupo Adecco,Sin Data
2025-10-11,Trabajoscom,Madrid,Todo Madrid,Oficial de primera en reparación de electrodomésticos,24.000 €,Sin Data,Indefinido,Jornada Completa,Sin Data,Grupo Adecco,Sin Data
2025-10-11,Trabajoscom,Madrid,Madrid,COMERCIAL INSTALACIONES FOTOVOLTAICAS NATURGY,25.000 € - 40.000 €,Sin Data,Indefinido,Jornada Indiferente,Sin Data,Edeco Sales Solutions,Sin Data
2025-10-11,Trabajoscom,León,Soto De La Vega,TÉCNICO/A DE MANTENIMIENTO EN SOTO DE LA VEGA (LEÓN),22.000 € - 24.000 €,Sin Data,Indefinido,Jornada Completa,Sin Data,Temps,Sin Data
2025-10-11,Trabajoscom,Madrid,Las Rozas De Madrid,Encargado/a de jardinería - Movilidad nacional,22.000 € - 23.000 €,Sin Data,Indefinido,Jornada Completa,Sin Data,Temps,Sin Data
2025-10-11,Trabajoscom,Madrid,Madrid,Ingeniero/a Técnico/a de Procesos (Obras Retail),Sin Data,Sin Data,Indefinido,Jornada Completa,Sin Data,Temps,Sin Data
2025-10-11,Trabajoscom,Madrid,Madrid,Copy Ayudante/a de Troquelado - rotativos - Alalpardo,Sin Data,Sin Data,De duracion determinada,Jornada Completa,Sin Data,Temps,Sin Data
2025-10-11,Trabajoscom,Valencia,Todo Valencia,Panadero,9 € - 10 €,Sin Data,A tiempo parcial,Jornada Intensiva,Sin Data,Grupo Adecco,Sin Data
2025-10-11,Trabajoscom,Salamanca,Villamayor,ASESOR FISCAL CONTABLE,Sin Data,Sin Data,Indefinido,Jornada Intensiva,Sin Data,Carmen García López,Sin Data
2025-10-11,Trabajoscom,Zaragoza,La Muela,MOZO/A DE ALMACÉN CON CARRETILLA,Sin Data,Sin Data,De duracion determinada,Jornada Completa,Sin Data,Temps,Sin Data
2025-10-11,Trabajoscom,Huesca,Monzon,TÉCNICO/A DE MANTENIMIENTO - ELECTROMECÁNICO,Sin Data,Sin Data,Indefinido,Jornada Completa,Sin Data,Iman Temporing,Sin Data
2025-10-11,Trabajoscom,Huesca,Monzon,PANADERO/A,Sin Data,Sin Data,Indefinido,Jornada Completa,Sin Data,Iman Temporing,Sin Data
2025-10-11,Trabajoscom,Girona,Girona,Gerocultor/a - Auxiliar de enfermería Centro Residencial DomusVi Girona Ciutat,Sin Data,Sin Data,Indefinido,Jornada Completa,Sin Data,DomusVi,Sin Data
2025-10-11,Trabajoscom,A Coruña,Arteixo,OPERARIO/A DE PRODUCCIÓN - Campaña de Navidad,Sin Data,Sin Data,De duracion determinada,Jornada Completa,Sin Data,Micofer By Empatif ETT,Sin Data
2025-10-11,Trabajoscom,A Coruña,Naron,Enfermero/a - DUE Centro Residencial DomusVi Narón,Sin Data,Sin Data,Indefinido,Jornada Completa,Sin Data,DomusVi,Sin Data
2025-10-11,Trabajoscom,Lugo,Todo Lugo,Enfermero/a - DUE Centro Residencial DomusVi Viveiro,Sin Data,Sin Data,Indefinido,Jornada Completa,Sin Data,DomusVi,Sin Data
2025-10-11,Trabajoscom,A Coruña,A Coruña,TÉCNICO CONTABLE H/M (contratación directa indefinido),20.000 € - 24.000 €,Sin Data,Indefinido,Jornada Completa,Sin Data,Micofer By Empatif ETT,Sin Data
2025-10-11,Trabajoscom,Guadalajara,Todo Guadalajara,Gerocultor/a - Auxiliar de enfermería Centro Residencial DomusVi Princesa de Eboli,Sin Data,Sin Data,Indefinido,Jornada Completa,Sin Data,DomusVi,Sin Data
2025-10-11,Trabajoscom,Girona,Sant Feliu De Buixalleu,CHOFER C+E+CAP+TACOGRAFO,19.000 € - 25.000 €,Sin Data,De duracion determinada,Jornada Completa,Sin Data,Synergie ETT,Sin Data
2025-10-11,Trabajoscom,Barcelona,Todo Barcelona,MOZO/A DE ALMACÉN – OPERARIO/A DE MUELLE / REFRIGERADO - SANTA PERPETUA DE MOGODA / CIM VA,2.000 € - 2.100 €,Sin Data,Indefinido,Jornada Completa,Sin Data,Synergie ETT,Sin Data
2025-10-11,Trabajoscom,Barcelona,Sabadell,Operario/a metal,Sin Data,Sin Data,Indefinido,Jornada Completa,Sin Data,Iman Temporing,Sin Data
2025-10-11,Trabajoscom,Sevilla,Alcala De Guadaira,Responsable de línea de envasado,Sin Data,Sin Data,De duracion determinada,Jornada Completa,Sin Data,Crit Interim España ETT,Sin Data
2025-10-11,Trabajoscom,Madrid,Todo Madrid,Enfermero/a - DUE Centro Residencial DomusVi Albufera ( INDEFINIDO/TURNO DE TARDE),Sin Data,Sin Data,Indefinido,Jornada Completa,Sin Data,DomusVi,Sin Data
2025-10-11,Trabajoscom,Cantabria,Santander,Repartidor/a B 25 H/s,Sin Data,Sin Data,De duracion determinada,Jornada Indiferente,Sin Data,Crit Interim España ETT,Sin Data
2025-10-11,Trabajoscom,Madrid,Camarma De Esteruelas,Operario/a de linea,Sin Data,Sin Data,De duracion determinada,Jornada Completa,Sin Data,Faster Empleo ETT,Sin Data
2025-10-11,Trabajoscom,Granada,Motril,Mozo carga descarga servicios puntuales,Sin Data,Sin Data,Indefinido,Jornada Completa,Sin Data,Crit Interim España ETT,Sin Data
2025-10-11,Trabajoscom,Zaragoza,Todo Zaragoza,Mozo/a almacén,Sin Data,Sin Data,De duracion determinada,Jornada Completa,Sin Data,Iman Temporing,Sin Data
2025-10-11,Trabajoscom,Navarra,Pamplona/iruña,CARNICERO/A - ORCOYEN (LUN-SAB),Sin Data,Sin Data,De duracion determinada,Jornada Completa,Sin Data,Iman Temporing,Sin Data
2025-10-11,Trabajoscom,Barcelona,Polinya,Operario/a tintura textil,18.959 €,Sin Data,De duracion determinada,Jornada Completa,Sin Data,Iman Temporing,Sin Data
2025-10-11,Trabajoscom,Sevilla,Todo Sevilla,Técnico de RRHH,Sin Data,Sin Data,De duracion determinada,Jornada Completa,Sin Data,Faster Empleo ETT,Sin Data
2025-10-11,Trabajoscom,Valencia,Todo Valencia,Oficial de 3ª Instalador SAT (Valencia),Sin Data,Sin Data,De duracion determinada,Jornada Completa,Sin Data,Faster Empleo ETT,Sin Data
2025-10-11,Trabajoscom,Barcelona,Todo Barcelona,Técnico Comercial Instaladores,Sin Data,Sin Data,Indefinido,Jornada Completa,Sin Data,Crit Interim España ETT,Sin Data
2025-10-11,Trabajoscom,Tarragona,Tarragona,Técnico/a de reparaciones,Sin Data,Sin Data,Indefinido,Jornada Completa,Sin Data,Iman Temporing,Sin Data
2025-10-11,Trabajoscom,Murcia,Todo Murcia,Gestor/a de Atención al Cliente y E-Commerce,Sin Data,Sin Data,De duracion determinada,Jornada Completa,Sin Data,Crit Interim España ETT,Sin Data
2025-10-11,Trabajoscom,Albacete,Albacete,Operario/a de mecanizado,Sin Data,Sin Data,Indefinido,Jornada Completa,Sin Data,Iman Temporing,Sin Data
2025-10-11,Trabajoscom,Barcelona,Sant Fost De Campsentelles,Ayudante Operario/a calderería,Sin Data,Sin Data,Indefinido,Jornada Completa,Sin Data,Crit Interim España ETT,Sin Data
2025-10-11,Trabajoscom,Barcelona,Lliça D'amunt,MANIPULADOR/A - TURNO TARDE,16.500 € - 17.000 €,Sin Data,De duracion determinada,Jornada Completa,Sin Data,Iman Temporing,Sin Data
2025-10-11,Trabajoscom,Barcelona,Sant Just Desvern,Manipuladores/as (posición estable),Sin Data,Sin Data,De duracion determinada,Jornada Completa,Sin Data,Crit Interim España ETT,Sin Data
2025-10-11,Trabajoscom,Guadalajara,Todo Guadalajara,Aux. Administrativo/a. Sector Automoción.,Sin Data,Sin Data,De duracion determinada,Jornada Completa,Sin Data,Faster Empleo ETT,Sin Data
2025-10-11,Trabajoscom,Málaga,Todo Málaga,Envasadoras/es velez-malaga,Sin Data,Sin Data,De duracion determinada,Media Jornada,Sin Data,Faster Empleo ETT,Sin Data
2025-10-11,Trabajoscom,Barcelona,Santa Perpetua De Mogoda,OPERARIO/A VERIFICACIÓN EN CADENA DE PRODUCCIÓN.,13 € - 14 €,Sin Data,De duracion determinada,Jornada Completa,Sin Data,Iman Temporing,Sin Data
2025-10-11,Trabajoscom,A Coruña,Arteixo,TÉCNICO/A DE MANTENIMIENTO / INSTALADOR/A,Sin Data,Sin Data,Indefinido,Jornada Completa,Sin Data,Iman Temporing,Sin Data
2025-10-11,Trabajoscom,Barcelona,Polinya,Responsable de Proyectos,Sin Data,Sin Data,Indefinido,Jornada Completa,Sin Data,Lis,Sin Data
2025-10-11,Trabajoscom,Barcelona,Santa Perpetua De Mogoda,OPERARIO/A DE PRODUCCIÓN,Sin Data,Sin Data,De duracion determinada,Jornada Completa,Sin Data,Iman Temporing,Sin Data
2025-10-11,Trabajoscom,León,Villadangos Del Paramo,MANIPULADOR/A SECTOR TEXTIL (VILLADANGOS),Sin Data,Sin Data,De duracion determinada,Jornada Completa,Sin Data,Empatif Staffing ETT,Sin Data
2025-10-11,Trabajoscom,A Coruña,A Coruña,TELEOPERADOR SOPORTE TÉCNICO (H/M),Sin Data,Sin Data,Indefinido,Jornada Completa,Sin Data,Micofer By Empatif ETT,Sin Data
2025-10-11,Trabajoscom,Lleida,Montgai,INGENIERO/A,Sin Data,Sin Data,Indefinido,Jornada Completa,Sin Data,Iman Temporing,Sin Data
2025-10-11,Trabajoscom,Alicante,Castalla,Operario/a de producción con carretilla,Sin Data,Sin Data,De duracion determinada,Jornada Completa,Sin Data,Faster Empleo ETT,Sin Data
2025-10-11,Trabajoscom,Pontevedra,Vilaboa,OPERARIOS/AS PARA CONSERVERA (VILABOA),Sin Data,Sin Data,De duracion determinada,Jornada Completa,Sin Data,Micofer By Empatif ETT,Sin Data
2025-10-11,Trabajoscom,A Coruña,Ferrol,Médico/a Centro Residencial DomusVi Ferrol,Sin Data,Sin Data,Indefinido,Media Jornada,Sin Data,DomusVi,Sin Data
2025-10-11,Trabajoscom,Zaragoza,Todo Zaragoza,Teleoperador/a atención al cliente Inglés,Sin Data,Sin Data,De duracion determinada,Jornada Completa,Sin Data,Crit Interim España ETT,Sin Data
2025-10-11,Trabajoscom,Madrid,Todo Madrid,Ayudante cocina en fábrica (turnos rotativos),Sin Data,Sin Data,De duracion determinada,Jornada Completa,Sin Data,Crit Interim España ETT,Sin Data
2025-10-11,Trabajoscom,Madrid,Todo Madrid,Programador/a de Procesos Industriales y Telecomunicaciones,Sin Data,Sin Data,Indefinido,Jornada Completa,Sin Data,Iman Temporing,Sin Data
2025-10-11,Trabajoscom,Barcelona,El Papiol,Conductor/a (Carnet C),Sin Data,Sin Data,De duracion determinada,Jornada Completa,Sin Data,Iman Temporing,Sin Data
2025-10-11,Trabajoscom,Cantabria,Santander,Chapista (h/m),Sin Data,Sin Data,Indefinido,Jornada Completa,Sin Data,Crit Interim España ETT,Sin Data
2025-10-11,Trabajoscom,Cantabria,Santander,Comercial vehículos,Sin Data,Sin Data,De duracion determinada,Jornada Completa,Sin Data,Crit Interim España ETT,Sin Data
2025-10-11,Trabajoscom,Barcelona,Sant Fruitos De Bages,Manipulador/a textil,Sin Data,Sin Data,Indefinido,Jornada Completa,Sin Data,Iman Temporing,Sin Data
2025-10-11,Trabajoscom,Guadalajara,Quer,Peón/a planta de reciclaje de vidrio.,Sin Data,Sin Data,De duracion determinada,Jornada Completa,Sin Data,Faster Empleo ETT,Sin Data
2025-10-11,Trabajoscom,Madrid,Todo Madrid,Jefe/a Tráfico. T. Mañana y Tarde.,Sin Data,Sin Data,De duracion determinada,Jornada Completa,Sin Data,Iman Temporing,Sin Data
2025-10-11,Trabajoscom,Barcelona,Sabadell,Mozo/a almacén con carretilla,Sin Data,Sin Data,De duracion determinada,Jornada Completa,Sin Data,Iman Temporing,Sin Data
2025-10-11,Trabajoscom,Tarragona,Todo Tarragona,Electromecánico/a industrial,Sin Data,Sin Data,De duracion determinada,Jornada Completa,Sin Data,Crit Interim España ETT,Sin Data
2025-10-11,Trabajoscom,Sevilla,Todo Sevilla,Back Office Comercial,Sin Data,Sin Data,Indefinido,Jornada Completa,Sin Data,Crit Interim España ETT,Sin Data
2025-10-11,Trabajoscom,Pontevedra,Todo Pontevedra,AUXILIARES DE ALMACÉN - Salvaterra de Miño,Sin Data,Sin Data,De duracion determinada,Jornada Completa,Sin Data,Micofer By Empatif ETT,Sin Data
2025-10-11,Trabajoscom,Alicante,Mutxamel,Ayudante de cocina - Centro Residencial DomusVi Mutxamel,Sin Data,Sin Data,Indefinido,Media Jornada,Sin Data,DomusVi,Sin Data
2025-10-11,Trabajoscom,Zamora,Villaralbo,Médico/a Centro Residencial DomusVi Villaralbo,Sin Data,Sin Data,Indefinido,Media Jornada,Sin Data,DomusVi,Sin Data
2025-10-11,Trabajoscom,Bizkaia,Todo Bizkaia,Operario/a de Corte de Vidrio – Turnos Rotativos | Lamiako (H/M/X),Sin Data,Sin Data,Indefinido,Jornada Indiferente,Sin Data,Manpower Trabajo Temporal,Sin Data
2025-10-11,Trabajoscom,Madrid,Todo Madrid,Técnico/a Laboral,Sin Data,Sin Data,Indefinido,Jornada Completa,Sin Data,Open To Work,Sin Data
2025-10-11,Trabajoscom,Guadalajara,Todo Guadalajara,Técnico/a de Finanzas,Sin Data,Sin Data,Indefinido,Jornada Completa,Sin Data,EY,Sin Data
2025-10-11,Trabajoscom,Madrid,Todo Madrid,Oficial 1ª Electricista,Sin Data,Sin Data,Indefinido,Jornada Completa,Sin Data,Open To Work,Sin Data
2025-10-11,Trabajoscom,Madrid,Todo Madrid,Técnico de recursos humanos - empresa aseguradora,Sin Data,Sin Data,Indefinido,Jornada Indiferente,Sin Data,Page Personnel ETT,Sin Data
2025-10-11,Trabajoscom,Madrid,Todo Madrid,Técnico electrónica (con chino),Sin Data,Sin Data,Indefinido,Jornada Indiferente,Sin Data,Page Personnel ETT,Sin Data
2025-10-11,Trabajoscom,Barcelona,Todo Barcelona,Customer Service junior con Francés C1,Sin Data,Sin Data,Indefinido,Jornada Indiferente,Sin Data,Page Personnel ETT,Sin Data
2025-10-11,Trabajoscom,Barcelona,Todo Barcelona,Formador de Equipos Comerciales - Inmobiliaria,Sin Data,Sin Data,Indefinido,Jornada Indiferente,Sin Data,Page Personnel ETT,Sin Data
2025-10-11,Trabajoscom,Barcelona,Todo Barcelona,Responsable de compras ingles alto sector restauracion,Sin Data,Sin Data,Indefinido,Jornada Indiferente,Sin Data,Page Personnel ETT,Sin Data
2025-10-11,Trabajoscom,Madrid,Todo Madrid,Oficial 1º Mantenimiento,Sin Data,Sin Data,Indefinido,Jornada Completa,Sin Data,Open To Work,Sin Data
2025-10-11,Trabajoscom,Madrid,Todo Madrid,Oficial 1º Mantenimiento,Sin Data,Sin Data,Indefinido,Jornada Completa,Sin Data,Open To Work,Sin Data
2025-10-11,Trabajoscom,Zaragoza,Todo Zaragoza,TECNICO DE MANTENIMIENTO (H/M/X),Sin Data,Sin Data,Indefinido,Jornada Indiferente,Sin Data,Manpower Trabajo Temporal,Sin Data
2025-10-11,Trabajoscom,Tenerife,Todo Tenerife,Camarero/a de pisos,Sin Data,Sin Data,Indefinido,Jornada Indiferente,Sin Data,Eurofirms,Sin Data
2025-10-11,Trabajoscom,Gipuzkoa,Todo Gipuzkoa,Inventarista,Sin Data,Sin Data,Indefinido,Media Jornada,Sin Data,Eurofirms,Sin Data
2025-10-11,Trabajoscom,Valencia,Todo Valencia,Administrativo/a en los alrededores de Valencia,Sin Data,Sin Data,Indefinido,Jornada Indiferente,Sin Data,Page Personnel ETT,Sin Data
2025-10-11,Trabajoscom,Madrid,Todo Madrid,Mozo carretillero,Sin Data,Sin Data,Indefinido,Jornada Completa,Sin Data,Open To Work,Sin Data
2025-10-11,Trabajoscom,Madrid,Todo Madrid,Operario/a - peón,Sin Data,Sin Data,Indefinido,Jornada Intensiva,Sin Data,Open To Work,Sin Data
2025-10-11,Trabajoscom,Madrid,Todo Madrid,Conductor C,Sin Data,Sin Data,Indefinido,Jornada Completa,Sin Data,Open To Work,Sin Data
2025-10-11,Trabajoscom,Barcelona,Todo Barcelona,Operador de Sistemas 24/7 - Turno Tarde/Presencial Barcelona,Sin Data,Sin Data,Indefinido,Jornada Indiferente,Sin Data,Manpower Trabajo Temporal,Sin Data
2025-10-11,Trabajoscom,Madrid,Todo Madrid,Mozo Carretillero,Sin Data,Sin Data,Indefinido,Jornada Completa,Sin Data,Open To Work,Sin Data
2025-10-11,Trabajoscom,Madrid,Todo Madrid,Mecatrónico / Electromecánico (H/M/D),Sin Data,Sin Data,Indefinido,Jornada Indiferente,Sin Data,Page Personnel ETT,Sin Data
2025-10-11,Trabajoscom,Gipuzkoa,Todo Gipuzkoa,Ingeniero Procesos/proyectos - Empresa Mecanizado,Sin Data,Sin Data,Indefinido,Jornada Indiferente,Sin Data,Page Personnel ETT,Sin Data
2025-10-11,Trabajoscom,Madrid,Todo Madrid,Operario de producción,Sin Data,Sin Data,Indefinido,Jornada Indiferente,Sin Data,Open To Work,Sin Data
2025-10-11,Trabajoscom,Albacete,Todo Albacete,Repartidor/a,Sin Data,Sin Data,Indefinido,Jornada Indiferente,Sin Data,Eurofirms,Sin Data
2025-10-11,Trabajoscom,Barcelona,Todo Barcelona,Sales Development Representative (SDR Pymes- IT Cloud),Sin Data,Sin Data,Indefinido,Jornada Indiferente,Sin Data,Page Personnel ETT,Sin Data
2025-10-11,Trabajoscom,Toledo,Todo Toledo,Conductor/a de mercancías peligrosas,Sin Data,Sin Data,Indefinido,Jornada Completa,Sin Data,EY,Sin Data
2025-10-11,Trabajoscom,Navarra,Todo Navarra,OPERARIO/A SECTOR ALIMENTACIÓN FINES DE SEMANA,Sin Data,Sin Data,Indefinido,Jornada Completa,Sin Data,Grupompleo,Sin Data
2025-10-11,Trabajoscom,Barcelona,Todo Barcelona,Dependiente/a de tienda de productos naturales 807b5184,Sin Data,Sin Data,Indefinido,Jornada Indiferente,Sin Data,EY,Sin Data
2025-10-11,Trabajoscom,Toledo,Todo Toledo,Operario/a de Pintura Industrial,Sin Data,Sin Data,Indefinido,Jornada Completa,Sin Data,EY,Sin Data
2025-10-11,Trabajoscom,Madrid,Todo Madrid,Delineante Mecánico/a,Sin Data,Sin Data,Indefinido,Jornada Indiferente,Sin Data,Page Personnel ETT,Sin Data
2025-10-11,Trabajoscom,Valencia,Todo Valencia,501683 Maquinista Troqueladora Fabricación cajas de cartón (H/M),Sin Data,Sin Data,Indefinido,Jornada Completa,Sin Data,EY,Sin Data
2025-10-11,Trabajoscom,Madrid,Todo Madrid,Peones montajes fotovoltaicos (H/M),Sin Data,Sin Data,Indefinido,Jornada Indiferente,Sin Data,EY,Sin Data
2025-10-11,Trabajoscom,Tarragona,Todo Tarragona,Técnico/a de Compras Constructora,Sin Data,Sin Data,Indefinido,Jornada Indiferente,Sin Data,Page Personnel ETT,Sin Data
2025-10-11,Trabajoscom,Tenerife,Todo Tenerife,Operador/a de Planta de Tratamiento de Aguas,Sin Data,Sin Data,Indefinido,Jornada Completa,Sin Data,EY,Sin Data
2025-10-11,Trabajoscom,Barcelona,Todo Barcelona,Administrativo de compras,Sin Data,Sin Data,Indefinido,Jornada Indiferente,Sin Data,Page Personnel ETT,Sin Data
2025-10-11,Trabajoscom,Madrid,Todo Madrid,Operario/as,Sin Data,Sin Data,Indefinido,Jornada Completa,Sin Data,Open To Work,Sin Data
2025-10-11,Trabajoscom,Gipuzkoa,Todo Gipuzkoa,Ingeniería Electrónica,54 € - 72 €,Sin Data,Indefinido,Jornada Completa,Sin Data,AdegiLan,Sin Data
2025-10-11,Trabajoscom,Gipuzkoa,Todo Gipuzkoa,INGENIERO/A MANTENIMIENTO ELECTRICO INDUSTRIAL,Sin Data,Sin Data,Indefinido,Jornada Completa,Sin Data,AdegiLan,Sin Data
2025-10-11,Trabajoscom,Gipuzkoa,Todo Gipuzkoa,Ingeniero/a de Tecnologías Industriales,Sin Data,Sin Data,Indefinido,Jornada Completa,Sin Data,AdegiLan,Sin Data
2025-10-11,Trabajoscom,Gipuzkoa,Todo Gipuzkoa,Desarrollador-a de Negocio y Alianzas en Vino y Bebidas,Sin Data,Sin Data,Indefinido,Jornada Completa,Sin Data,AdegiLan,Sin Data
2025-10-11,Trabajoscom,Gipuzkoa,Todo Gipuzkoa,Técnico/a de proceso,Sin Data,Sin Data,Indefinido,Jornada Indiferente,Sin Data,AdegiLan,Sin Data
2025-10-11,Trabajoscom,Gipuzkoa,Todo Gipuzkoa,Técnico-a de Biblioteca,Sin Data,Sin Data,Indefinido,Jornada Indiferente,Sin Data,AdegiLan,Sin Data
2025-10-11,Trabajoscom,Gipuzkoa,Todo Gipuzkoa,Técnico-a de E-Learning,Sin Data,Sin Data,Indefinido,Jornada Indiferente,Sin Data,AdegiLan,Sin Data
2025-10-11,Trabajoscom,Gipuzkoa,Todo Gipuzkoa,COMERCIAL PARA MERCADO FRANCES,Sin Data,Sin Data,Indefinido,Jornada Completa,Sin Data,AdegiLan,Sin Data
2025-10-11,Trabajoscom,Sevilla,Todo Sevilla,Teleoperador/a Atención al Cliente con Alemán (Aerolíneas - reservas) ✈️,Sin Data,Sin Data,De duracion determinada,Jornada Completa,Sin Data,Foundever Spain,Sin Data
2025-10-11,Trabajoscom,Madrid,Madrid,Captador puntos de venta Naturgy,18.000 € - 24.000 €,Sin Data,Indefinido,Jornada Completa,Sin Data,Edeco Sales Solutions,Sin Data
2025-10-11,Trabajoscom,Barcelona,Barberà Del Vallès,ADMINISTRATIVO/VA COMERCIAL,Sin Data,Sin Data,De duracion determinada,Jornada Completa,Sin Data,Temps,Sin Data
2025-10-11,Trabajoscom,Cantabria,Torrelavega,Repartidores/as Furgonetas,9 € - 10 €,Sin Data,Fijo discontinuo,Media Jornada,Sin Data,Grupo Adecco,Sin Data
2025-10-11,Trabajoscom,Madrid,Griñon,Peón de Taller,Sin Data,Sin Data,Indefinido,Jornada Completa,Sin Data,Carrocerias Carralser,Sin Data
2025-10-11,Trabajoscom,Madrid,Madrid,Ayudante de impresión packaging turnos rotativos - Alalpardo,Sin Data,Sin Data,De duracion determinada,Jornada Completa,Sin Data,Temps,Sin Data
2025-10-11,Trabajoscom,Madrid,Madrid,ELECTROMECANICO PARA MANTENIMIENTO Y REPARACION DE AVERIAS MAQUINARIA RECICLAJE,Sin Data,Sin Data,De duracion determinada,Jornada Completa,Sin Data,Temps,Sin Data
2025-10-11,Trabajoscom,Zaragoza,Zaragoza,CARRETILLERO/A FRONTAL Y RETRÁCTIL,20.000 € - 21.000 €,Sin Data,De duracion determinada,Jornada Completa,Sin Data,Temps,Sin Data
2025-10-11,Trabajoscom,Barcelona,Barcelona,OPERARIO/A DE PRODUCCIÓN CON PUENTE GRÚA,Sin Data,Sin Data,De duracion determinada,Jornada Completa,Sin Data,Temps,Sin Data
2025-10-11,Trabajoscom,Madrid,Todo Madrid,"Customer Service Financial Institution - German C1+ & English C1 🎧 - 23,5k - Madrid",Sin Data,Sin Data,Indefinido,Jornada Completa,Sin Data,Foundever Spain,Sin Data
2025-10-11,Trabajoscom,Madrid,Madrid,RESPONSABLE TURNO DE NOCHE (EXPERIENCIA EN REPARTO LAST MILE),1.400 € - 1.500 €,Sin Data,De duracion determinada,Jornada Completa,Sin Data,Temps,Sin Data
2025-10-11,Trabajoscom,Madrid,Madrid,MOZO/A ALMACÉN DIAS SUELTOS EN MURCIA,15.000 € - 16.000 €,Sin Data,De duracion determinada,Jornada Completa,Sin Data,Temps,Sin Data
2025-10-11,Trabajoscom,Toledo,Toledo,AYUDANTE OPERARIO/A DE EXPEDICIONES PRODUCCIÓN Y LOGISTICA - SECTOR CARNICO,Sin Data,Sin Data,De duracion determinada,Jornada Completa,Sin Data,Temps,Sin Data
2025-10-11,Trabajoscom,Barcelona,Barcelona,OPERARIO/A DE EXTRUSIÓN DE PLÁSTICO -LLINARS DEL VALLÈS-,Sin Data,Sin Data,De duracion determinada,Jornada Completa,Sin Data,Temps,Sin Data
2025-10-11,Trabajoscom, Madrid, Madrid,TELEOPERADORES RETENCION DE SEGUROS - TRES CANTOS,12.900 € - 14.700 €,Sin Data,Indefinido,Jornada Completa,Sin Data,Synergie ETT,Sin Data
2025-10-11,Trabajoscom,Madrid,Chapineria,LOGOPEDA.   COLMENAR DEL ARROYO,10 €,Sin Data,Fijo discontinuo,Trabajo Por Horas,Sin Data,Grupo Educativo,Sin Data
2025-10-11,Trabajoscom,Barcelona,Montcada I Reixac,COORDINADOR/A MENSAJERIA - DEPARTAMENTO TRAFICO,19.000 €,Sin Data,Indefinido,Jornada Completa,Sin Data,Temps,Sin Data
2025-10-11,Trabajoscom,León,León,Administrativo/a jornada parcial - zona Villamañán,18.000 € - 19.000 €,Sin Data,De duracion determinada,Media Jornada,Sin Data,Temps,Sin Data
2025-10-11,Trabajoscom,Madrid,Coslada,REPARTIDOR/A DE PAQUETERÍA,1.400 €,Sin Data,De duracion determinada,Media Jornada,Sin Data,Temps,Sin Data
2025-10-11,Trabajoscom,Barcelona,Barcelona,Recambista- Cardedeu/PobleNou,22.000 € - 36.000 €,Sin Data,Indefinido,Jornada Completa,Sin Data,Temps,Sin Data
2025-10-11,Trabajoscom,Bizkaia,Mallabia,Administrativo (experiencia en diseño 2D/3D),Sin Data,Sin Data,De duracion determinada,Jornada Completa,Sin Data,Temps,Sin Data
2025-10-11,Trabajoscom,Barcelona,Sabadell,TRABAJADOR/A FAMILIAR - SAD SABADELL (Diferentes turnos),1.196 € - 1.264 €,Sin Data,A tiempo parcial,Jornada Intensiva,Sin Data,Accent Social,Sin Data
2025-10-11,Trabajoscom, Valencia, Valencia,Panadero,9 € - 10 €,Sin Data,A tiempo parcial,Jornada Intensiva,Sin Data,Grupo Adecco,Sin Data
2025-10-11,Trabajoscom,Tarragona,Santa Oliva,Mozo/a de almacén Santa Oliva (Tarragona),9 € - 10 €,Sin Data,De duracion determinada,Jornada Completa,Sin Data,Grupo Adecco,Sin Data
2025-10-11,Trabajoscom,Bizkaia,Bilbao,Cableador/a + Gran Bilbao,Sin Data,Sin Data,De duracion determinada,Jornada Completa,Sin Data,Temps,Sin Data
2025-10-11,Trabajoscom,Barcelona,Ripollet,SOLDADOR/A,28.000 € - 30.000 €,Sin Data,Indefinido,Jornada Completa,Sin Data,Temps,Sin Data
2025-10-11,Trabajoscom,Barcelona,Todo Barcelona,Ayudante de Cocina- Centro Residencial DomusVi Can Buxeres,Sin Data,Sin Data,De duracion determinada,Jornada Completa,Sin Data,DomusVi,Sin Data
2025-10-11,Trabajoscom,Castellón,Todo Castellón,Gerocultor/a - Auxiliar de enfermería Centro Residencial DomusVi Vilareal,Sin Data,Sin Data,De duracion determinada,Media Jornada,Sin Data,DomusVi,Sin Data
2025-10-11,Trabajoscom,A Coruña,Ribeira,Ayudante de Cocina- Centro Residencial DomusVi Riveira,Sin Data,Sin Data,De duracion determinada,Media Jornada,Sin Data,DomusVi,Sin Data
2025-10-11,Trabajoscom,Madrid,Todo Madrid,Gerocultor/a - Auxiliar de enfermería Centro Residencial DomusVi Albufera,Sin Data,Sin Data,De duracion determinada,Jornada Completa,Sin Data,DomusVi,Sin Data
2025-10-11,Trabajoscom,A Coruña,Oleiros,Enfermero/a - DUE Centro Residencial DomusVi A Coruña,Sin Data,Sin Data,De duracion determinada,Jornada Completa,Sin Data,DomusVi,Sin Data
2025-10-11,Trabajoscom,Girona,Arbucies,Tecnico/a de Laboratorio,16.000 € - 23.000 €,Sin Data,Indefinido,Jornada Completa,Sin Data,Synergie ETT,Sin Data
2025-10-11,Trabajoscom,Madrid,Todo Madrid,AUXILIAR DE JARDINERIA - MADRID,Sin Data,Sin Data,Indefinido,Jornada Completa,Sin Data,Empatif Staffing ETT,Sin Data
2025-10-11,Trabajoscom,Soria,Todo Soria,Director/a de Delegación Servicios RRHH,Sin Data,Sin Data,Indefinido,Jornada Completa,Sin Data,Iman Temporing,Sin Data
2025-10-11,Trabajoscom,Pontevedra,Todo Pontevedra,Auxiliar textil corte /confección H/M,Sin Data,Sin Data,De duracion determinada,Jornada Completa,Sin Data,Faster Empleo ETT,Sin Data
2025-10-11,Trabajoscom,Madrid,Valdemoro,Electromecánico/a de maquinaria obra.(Valdemoro),Sin Data,Sin Data,De duracion determinada,Jornada Completa,Sin Data,Iman Temporing,Sin Data
2025-10-11,Trabajoscom,Madrid,Todo Madrid,Técnico/as control de plagas - Madrid,Sin Data,Sin Data,Indefinido,Jornada Completa,Sin Data,Iman Temporing,Sin Data
2025-10-11,Trabajoscom,Madrid,Getafe,Mozo/a Empaquetador/a con vehículo (Getafe),Sin Data,Sin Data,De duracion determinada,Jornada Completa,Sin Data,Iman Temporing,Sin Data
2025-10-11,Trabajoscom,Sevilla,Todo Sevilla,Operario/a de fábrica con turnicidad,Sin Data,Sin Data,De duracion determinada,Jornada Completa,Sin Data,Iman Temporing,Sin Data
2025-10-11,Trabajoscom,Madrid,San Agustin Del Guadalix,Técnico/a de mantenimiento-San Agustín de Guadalix,Sin Data,Sin Data,De duracion determinada,Jornada Completa,Sin Data,Iman Temporing,Sin Data
2025-10-11,Trabajoscom,Gipuzkoa,Todo Gipuzkoa,Gobernanta/e,Sin Data,Sin Data,Indefinido,Jornada Indiferente,Sin Data,Citius Outsourcing,Sin Data
2025-10-11,Trabajoscom,Sevilla,Todo Sevilla,Comercial Administrativa/o,Sin Data,Sin Data,De duracion determinada,Jornada Completa,Sin Data,Faster Empleo ETT,Sin Data
2025-10-11,Trabajoscom,Barcelona,Palau-Solita I Plegamans,Gestor/a de Cuentas Junior * Automoción CVS,Sin Data,Sin Data,Indefinido,Jornada Completa,Sin Data,Crit Interim España ETT,Sin Data
2025-10-11,Trabajoscom,Barcelona,Todo Barcelona,Asesor comercial motocicletas,Sin Data,Sin Data,Indefinido,Jornada Completa,Sin Data,Iman Temporing,Sin Data
2025-10-11,Trabajoscom,Barcelona,El Papiol,Manipulador/a envasado y etiquetado-discapacidad 33%,Sin Data,Sin Data,De duracion determinada,Jornada Completa,Sin Data,Crit Interim España ETT,Sin Data
2025-10-11,Trabajoscom,Barcelona,Barbera Del Valles,Técnico laboratorio análisis y control de calidad,Sin Data,Sin Data,Indefinido,Jornada Completa,Sin Data,Crit Interim España ETT,Sin Data
2025-10-11,Trabajoscom,Pontevedra,Todo Pontevedra,Auxiliar textil corte /confección H/M,Sin Data,Sin Data,De duracion determinada,Jornada Completa,Sin Data,Faster Empleo ETT,Sin Data
2025-10-11,Trabajoscom,Madrid,Valdemoro,Electromecánico/a de maquinaria obra.(Valdemoro),Sin Data,Sin Data,De duracion determinada,Jornada Completa,Sin Data,Iman Temporing,Sin Data
2025-10-11,Trabajoscom,Sevilla,Todo Sevilla,Comercial Administrativa/o,Sin Data,Sin Data,De duracion determinada,Jornada Completa,Sin Data,Faster Empleo ETT,Sin Data
2025-10-11,Trabajoscom,Sevilla,Dos Hermanas,Mecánico/a  Industrial,Sin Data,Sin Data,De duracion determinada,Jornada Completa,Sin Data,Iman Temporing,Sin Data
2025-10-11,Trabajoscom,Navarra,Azagra,Técnico/a de Mantenimiento de Producción,25.000 € - 32.000 €,Sin Data,De duracion determinada,Jornada Completa,Sin Data,Iman Temporing,Sin Data
2025-10-11,Trabajoscom,Madrid,Getafe,Mozo/a Empaquetador/a con vehículo (Getafe),Sin Data,Sin Data,De duracion determinada,Jornada Completa,Sin Data,Iman Temporing,Sin Data
2025-10-11,Trabajoscom,Sevilla,Todo Sevilla,Operario/a de fábrica con turnicidad,Sin Data,Sin Data,De duracion determinada,Jornada Completa,Sin Data,Iman Temporing,Sin Data
2025-10-11,Trabajoscom,Gipuzkoa,Todo Gipuzkoa,Gobernanta/e,Sin Data,Sin Data,Indefinido,Jornada Indiferente,Sin Data,Citius Outsourcing,Sin Data
2025-10-11,Trabajoscom,Sevilla,Dos Hermanas,Controller,28.000 € - 30.000 €,Sin Data,Indefinido,Jornada Completa,Sin Data,Crit Interim España ETT,Sin Data
2025-10-11,Trabajoscom,León,Villadangos Del Paramo,MOZO/A DE ALMACEN - INCORPORACION INMEDIATA,Sin Data,Sin Data,De duracion determinada,Jornada Completa,Sin Data,Empatif Staffing ETT,Sin Data
2025-10-11,Trabajoscom,Barcelona,Sabadell,Técnico/a en diseño textil i corte laser,Sin Data,Sin Data,Indefinido,Jornada Completa,Sin Data,Crit Interim España ETT,Sin Data
2025-10-11,Trabajoscom,Barcelona,Manresa,Mosso/a magatzem,Sin Data,Sin Data,Indefinido,Jornada Completa,Sin Data,Iman Temporing,Sin Data
2025-10-11,Trabajoscom,Huelva,Palos De La Frontera,Operario/a Limpieza,Sin Data,Sin Data,De duracion determinada,Media Jornada,Sin Data,Crit Interim España ETT,Sin Data
2025-10-11,Trabajoscom,Barcelona,Montcada I Reixac,ADMINISTRATIVA/O CONTABLE CON INGLES C1,Sin Data,Sin Data,A tiempo parcial,Media Jornada,Sin Data,Empatif Staffing ETT,Sin Data
2025-10-11,Trabajoscom,Barcelona,Castelldefels,Administrativo/ a Contable con Inglés,Sin Data,Sin Data,De duracion determinada,Jornada Completa,Sin Data,Crit Interim España ETT,Sin Data
2025-10-11,Trabajoscom,Cantabria,Santander,Asesor/a servicio motocicletas,Sin Data,Sin Data,Indefinido,Jornada Completa,Sin Data,Crit Interim España ETT,Sin Data
2025-10-11,Trabajoscom,Barcelona,Martorell,Operario/a de prensas,Sin Data,Sin Data,Indefinido,Jornada Completa,Sin Data,Iman Temporing,Sin Data
2025-10-11,Trabajoscom,Bizkaia,Santurtzi,Mozo/a de Almacén. Jornada parcial,Sin Data,Sin Data,De duracion determinada,Jornada Completa,Sin Data,Iman Temporing,Sin Data
2025-10-11,Trabajoscom, Zaragoza, Zaragoza,Soldador/a para empresa de Carrocerías,14 € - 15 €,Sin Data,De duracion determinada,Media Jornada,Sin Data,Grupo Adecco,Sin Data
2025-10-11,Trabajoscom,Gipuzkoa,Donostia-San Sebastian,Comercial de Seguros San Sebastián Gros,Sin Data,Sin Data,Autonomo,Jornada Completa,Sin Data,SGS Seguros Santalucía,Sin Data
2025-10-11,Trabajoscom,Madrid,Todo Madrid,Responsable de fabricación,Sin Data,Sin Data,Indefinido,Jornada Completa,Sin Data,Open To Work,Sin Data
2025-10-11,Trabajoscom,Madrid,Todo Madrid,Técnico Comercial,Sin Data,Sin Data,Indefinido,Jornada Indiferente,Sin Data,Page Personnel ETT,Sin Data
2025-10-11,Trabajoscom,Bizkaia,Todo Bizkaia,Mozo/a de almacén,Sin Data,Sin Data,Indefinido,Media Jornada,Sin Data,Eurofirms,Sin Data
2025-10-11,Trabajoscom,Madrid,Todo Madrid,Operario/a de producción,Sin Data,Sin Data,Indefinido,Jornada Completa,Sin Data,Open To Work,Sin Data
2025-10-11,Trabajoscom,Sevilla,Todo Sevilla,Comercial Vehículo Industrial de Ocasión (H/M/D),Sin Data,Sin Data,Indefinido,Jornada Indiferente,Sin Data,Page Personnel ETT,Sin Data
2025-10-11,Trabajoscom,Araba,Todo Araba,Chapista,Sin Data,Sin Data,Indefinido,Jornada Completa,Sin Data,Eurofirms,Sin Data
2025-10-11,Trabajoscom,Navarra,Todo Navarra,OPERARIO/A DE PRODUCCIÓN,Sin Data,Sin Data,Indefinido,Jornada Completa,Sin Data,Grupompleo,Sin Data
2025-10-11,Trabajoscom,Madrid,Todo Madrid,Técnico/a Contable,Sin Data,Sin Data,Indefinido,Jornada Completa,Sin Data,Open To Work,Sin Data
2025-10-11,Trabajoscom,Madrid,Todo Madrid,Operario de producción,Sin Data,Sin Data,Indefinido,Jornada Indiferente,Sin Data,EY,Sin Data
2025-10-11,Trabajoscom,Madrid,Todo Madrid,Carretillero/a con experiencia,Sin Data,Sin Data,Indefinido,Jornada Completa,Sin Data,Open To Work,Sin Data
2025-10-11,Trabajoscom,Navarra,Todo Navarra,TECNICO ELECTRICO (M/H/X),Sin Data,Sin Data,Indefinido,Jornada Indiferente,Sin Data,Manpower Trabajo Temporal,Sin Data
2025-10-11,Trabajoscom,Alicante,Todo Alicante,Jefe/a de obra - Edificación - Norte de Alicante,Sin Data,Sin Data,Indefinido,Jornada Indiferente,Sin Data,Page Personnel ETT,Sin Data
2025-10-11,Trabajoscom,Madrid,Todo Madrid,Técnico Back Office - Gestora de Inversión,Sin Data,Sin Data,Indefinido,Jornada Indiferente,Sin Data,Page Personnel ETT,Sin Data
2025-10-11,Trabajoscom,Madrid,Todo Madrid,Técnico Mantenimiento Electromecánico,Sin Data,Sin Data,Indefinido,Jornada Completa,Sin Data,EY,Sin Data
2025-10-11,Trabajoscom,Coruña,Todo Coruña,Area Manager Retail Especializado Norte España,Sin Data,Sin Data,Indefinido,Jornada Indiferente,Sin Data,Page Personnel ETT,Sin Data
2025-10-11,Trabajoscom,Madrid,Todo Madrid,Técnico I+D Cápsulas,Sin Data,Sin Data,Indefinido,Jornada Indiferente,Sin Data,Page Personnel ETT,Sin Data
2025-10-11,Trabajoscom,Madrid,Todo Madrid,Técnico/a Financiero,Sin Data,Sin Data,Indefinido,Jornada Indiferente,Sin Data,Page Personnel ETT,Sin Data
2025-10-11,Trabajoscom,Coruña,Todo Coruña,Promotor/a stand - Días 17 y 18/10,Sin Data,Sin Data,Indefinido,Media Jornada,Sin Data,Eurofirms,Sin Data
2025-10-11,Trabajoscom,Madrid,Todo Madrid,Junior Trader Operations,Sin Data,Sin Data,Indefinido,Jornada Indiferente,Sin Data,Page Personnel ETT,Sin Data
2025-10-11,Trabajoscom,Madrid,Todo Madrid,Diseñador de Producto (Oficina Técnica),Sin Data,Sin Data,Indefinido,Jornada Indiferente,Sin Data,Page Personnel ETT,Sin Data
2025-10-11,Trabajoscom,Bizkaia,Todo Bizkaia,Ajustador/a mecánico/a de troqueles,Sin Data,Sin Data,Indefinido,Jornada Completa,Sin Data,Eurofirms,Sin Data
2025-10-11,Trabajoscom,Madrid,Todo Madrid,Peón/a fábrica,Sin Data,Sin Data,Indefinido,Jornada Completa,Sin Data,Open To Work,Sin Data
2025-10-11,Trabajoscom,Madrid,Todo Madrid,Secretaria de Dirección con checo e inglés alto,Sin Data,Sin Data,Indefinido,Jornada Indiferente,Sin Data,Page Personnel ETT,Sin Data
2025-10-11,Trabajoscom,Madrid,Todo Madrid,Técnico- Comercial Prescriptor - Soluciones para paisajismo,Sin Data,Sin Data,Indefinido,Jornada Indiferente,Sin Data,Page Personnel ETT,Sin Data
2025-10-11,Trabajoscom,Madrid,Todo Madrid,Analista de pagos y fraude con inglés,Sin Data,Sin Data,Indefinido,Jornada Indiferente,Sin Data,Page Personnel ETT,Sin Data
2025-10-11,Trabajoscom,Madrid,Todo Madrid,Formador/a Técnicas de limpieza,Sin Data,Sin Data,Indefinido,Jornada Indiferente,Sin Data,Grupo Hedima,Sin Data
2025-10-11,Trabajoscom,Toledo,Todo Toledo,Montador/a Electromecánico/a,Sin Data,Sin Data,Indefinido,Jornada Completa,Sin Data,EY,Sin Data
2025-10-11,Trabajoscom,Málaga,Todo Málaga,Fontanero ayudante (H/M),Sin Data,Sin Data,Indefinido,Jornada Completa,Sin Data,EY,Sin Data
2025-10-11,Trabajoscom,Madrid,Todo Madrid,Operario/a Oficial/a de mecanizado,Sin Data,Sin Data,Indefinido,Jornada Indiferente,Sin Data,Open To Work,Sin Data
2025-10-11,Trabajoscom,Gipuzkoa,Todo Gipuzkoa,Ingeniero/a Calidad - Empresa sector automoción,Sin Data,Sin Data,Indefinido,Jornada Indiferente,Sin Data,Page Personnel ETT,Sin Data
2025-10-11,Trabajoscom,Madrid,Todo Madrid,Comercial - Empresa líder en Facility Services,Sin Data,Sin Data,Indefinido,Jornada Indiferente,Sin Data,Page Personnel ETT,Sin Data
2025-10-11,Trabajoscom,Zaragoza,Todo Zaragoza,Encargado/a de turno,Sin Data,Sin Data,Indefinido,Jornada Indiferente,Sin Data,Page Personnel ETT,Sin Data
2025-10-11,Trabajoscom,Cantabria,Todo Cantabria,Operario/a con TPM Fin de semana,Sin Data,Sin Data,Indefinido,Jornada Completa,Sin Data,EY,Sin Data
2025-10-11,Trabajoscom,Barcelona,Todo Barcelona,TEMPORAL Customer Service con Francés,Sin Data,Sin Data,Indefinido,Jornada Indiferente,Sin Data,Page Personnel ETT,Sin Data
2025-10-11,Trabajoscom,Castellón,Todo Castellón,Mecánico/a para desmontaje piezas aeronáuticas.,Sin Data,Sin Data,Indefinido,Jornada Completa,Sin Data,EY,Sin Data
2025-10-11,Trabajoscom,Valencia,Todo Valencia,Operario/a de producción,Sin Data,Sin Data,Indefinido,Jornada Indiferente,Sin Data,Eurofirms,Sin Data
2025-10-11,Trabajoscom,Madrid,Todo Madrid,Operario/a montaje mecánico,Sin Data,Sin Data,Indefinido,Jornada Completa,Sin Data,Open To Work,Sin Data
2025-10-11,Trabajoscom,Madrid,Todo Madrid,Jefe de taller de Mecanización,Sin Data,Sin Data,Indefinido,Jornada Completa,Sin Data,Open To Work,Sin Data
2025-10-11,Trabajoscom,Toledo,Todo Toledo,Operario/a de Soldadura,Sin Data,Sin Data,Indefinido,Jornada Completa,Sin Data,EY,Sin Data
2025-10-11,Trabajoscom,Madrid,Todo Madrid,Mozo/a almacén,Sin Data,Sin Data,Indefinido,Jornada Completa,Sin Data,Open To Work,Sin Data
2025-10-11,Trabajoscom,Gipuzkoa,Todo Gipuzkoa,OFICIAL MANTENIMIENTO,Sin Data,Sin Data,De duracion determinada,Jornada Indiferente,Sin Data,AdegiLan,Sin Data
2025-10-11,Trabajoscom,Gipuzkoa,Todo Gipuzkoa,Tecnico/a de Operaciones Producto sanitario (jornada parcial),Sin Data,Sin Data,Indefinido,Jornada Indiferente,Sin Data,AdegiLan,Sin Data
2025-10-11,Trabajoscom,Gipuzkoa,Todo Gipuzkoa,INGENIERO/A BIOMEDICO/A PARA SAN SEBASTIAN,30 € - 42 €,Sin Data,Indefinido,Jornada Indiferente,Sin Data,AdegiLan,Sin Data
2025-10-11,Trabajoscom,Gipuzkoa,Todo Gipuzkoa,INGENIERO/A DE FABRICACION,Sin Data,Sin Data,Indefinido,Jornada Completa,Sin Data,AdegiLan,Sin Data
2025-10-11,Trabajoscom,Gipuzkoa,Todo Gipuzkoa,Montador de ventanas y cerramientos en Aluminio y Pvc,18 € - 30 €,Sin Data,De duracion determinada,Jornada Completa,Sin Data,AdegiLan,Sin Data
2025-10-11,Trabajoscom,Gipuzkoa,Todo Gipuzkoa,Mantenimiento Media jornada,Sin Data,Sin Data,Indefinido,Jornada Indiferente,Sin Data,AdegiLan,Sin Data
2025-10-11,Trabajoscom,Gipuzkoa,Todo Gipuzkoa,RESPONSABLE DE DISEÑO Y COMUNICACIÓN EXTERNA,Sin Data,Sin Data,Indefinido,Jornada Completa,Sin Data,AdegiLan,Sin Data
2025-10-11,Trabajoscom,Gipuzkoa,Todo Gipuzkoa,COMERCIAL,18 € - 30 €,Sin Data,Indefinido,Jornada Completa,Sin Data,AdegiLan,Sin Data
2025-10-11,Trabajoscom,Madrid,Madrid,REPARTO DE PAQUETERIA,12 €,Sin Data,De duracion determinada,Jornada Completa,Sin Data,Temps,Sin Data
2025-10-11,Trabajoscom,Madrid,Madrid,Administrativo/a Contable- zona Griñon,24.000 € - 25.000 €,Sin Data,De duracion determinada,Jornada Completa,Sin Data,Temps,Sin Data
2025-10-11,Trabajoscom,Alicante,Alacant/alicante,COORDINADOR/A EQUIPO TELE VENTA ELCHE,20.000 € - 30.000 €,Sin Data,Indefinido,Jornada Completa,Sin Data,Temps,Sin Data
2025-10-11,Trabajoscom,Madrid,Madrid,"Operarias(os) para limpieza, lavado y planchado del Textil",Sin Data,Sin Data,De duracion determinada,Media Jornada,Sin Data,TELELAVO,Sin Data
2025-10-11,Trabajoscom,Zaragoza,Remolinos,Pintor/a industrial airless,2.000 € - 2.100 €,Sin Data,De duracion determinada,Jornada Completa,Sin Data,Temps,Sin Data
2025-10-11,Trabajoscom,Madrid,Todo Madrid,Calefactor,Sin Data,Sin Data,Indefinido,Jornada Completa,Sin Data,Gremoba,Sin Data
2025-10-11,Trabajoscom,Madrid,Madrid,MECANICO HERRAMIENTA PEQUEÑA,Sin Data,Sin Data,Indefinido,Jornada Completa,Sin Data,Temps,Sin Data
2025-10-11,Trabajoscom,Madrid,Todo Madrid,Técnico/a de Montaje Industrial,Sin Data,Sin Data,Indefinido,Jornada Completa,Sin Data,Grupo Adecco,Sin Data
2025-10-11,Trabajoscom,Madrid,Madrid,DEPENDIENTA/E ATENCIÓN A NOVIAS - MADRID,19.000 €,Sin Data,Indefinido,Jornada Completa,Sin Data,Temps,Sin Data
2025-10-11,Trabajoscom,Madrid,Alcobendas,Analista de Procesos,30.000 € - 33.000 €,Sin Data,De duracion determinada,Jornada Completa,Sin Data,Temps,Sin Data
2025-10-11,Trabajoscom,Huesca,Huesca,Camarero/a de pisos,Sin Data,Sin Data,A tiempo parcial,Jornada Completa,Sin Data,Temps,Sin Data
2025-10-11,Trabajoscom,Madrid,Las Rozas De Madrid,Asesor Fiscal y Contable,Sin Data,Sin Data,Indefinido,Jornada Completa,Sin Data,Inigestion,Sin Data
2025-10-11,Trabajoscom,Granada,Todo Granada,Operario/a de producción,16 € - 18 €,Sin Data,De duracion determinada,Jornada Completa,Sin Data,Grupo Adecco,Sin Data
2025-10-11,Trabajoscom,Barcelona,Todo Barcelona,Oficial de primera en reparación de electrodomésticos,24.000 €,Sin Data,Indefinido,Jornada Completa,Sin Data,Grupo Adecco,Sin Data
2025-10-11,Trabajoscom,Sevilla,Mairena Del Aljarafe,TELEOPERADOR ENERGETICO,900 € - 1.000 €,Sin Data,Fijo discontinuo,Media Jornada,Sin Data,Grupo eden asesores,Sin Data
2025-10-11,Trabajoscom,Madrid,San Fernando De Henares,ADMINISTRATIVO/A CON EXPERIENCIA EN REVISIÓN Y ELABORACIÓN DE TABALAS DE DATOS,Sin Data,Sin Data,De duracion determinada,Jornada Completa,Sin Data,Temps,Sin Data
2025-10-11,Trabajoscom,Barcelona,Viladecavalls,CARRETILLERO/A FRONTAL Y RETRÁCTIL TURNO FIJO NOCHE,14 € - 16 €,Sin Data,De duracion determinada,Jornada Completa,Sin Data,Temps,Sin Data
2025-10-11,Trabajoscom,Madrid,Madrid,Ayudante/a de Troquelado - rotativos - Griñón,Sin Data,Sin Data,De duracion determinada,Jornada Completa,Sin Data,Temps,Sin Data
2025-10-11,Trabajoscom,Madrid,Madrid,Ayudante de impresión packaging turnos rotativos - Griñón,Sin Data,Sin Data,De duracion determinada,Jornada Completa,Sin Data,Temps,Sin Data
2025-10-11,Trabajoscom,Gipuzkoa,Bergara,Soldador/a,Sin Data,Sin Data,De duracion determinada,Jornada Completa,Sin Data,Temps,Sin Data
2025-10-11,Trabajoscom,Valencia,Benimodo,OFICIAL DE LÍNEA DE PRODUCCIÓN (Sector Alimentación),Sin Data,Sin Data,De duracion determinada,Jornada Completa,Sin Data,Grupo Adecco,Sin Data
2025-10-11,Trabajoscom,Bizkaia,Elorrio,Delineante CAD,Sin Data,Sin Data,De duracion determinada,Jornada Completa,Sin Data,Temps,Sin Data
2025-10-11,Trabajoscom,Madrid,Madrid,CAMAREROS EXTRAS CON PROTOCOLO,Sin Data,Sin Data,Indefinido,Jornada Indiferente,Sin Data,Temps,Sin Data
2025-10-11,Trabajoscom,Madrid,Todo Madrid,"Instalador/a, cableador/a eléctrico",Sin Data,Sin Data,Indefinido,Jornada Completa,Sin Data,Grupo Adecco,Sin Data
2025-10-11,Trabajoscom,Huesca,Monzon,CARNICERO/A,Sin Data,Sin Data,Indefinido,Jornada Completa,Sin Data,Iman Temporing,Sin Data
2025-10-11,Trabajoscom,Huesca,Monzon,PESCADERO/A,Sin Data,Sin Data,Indefinido,Jornada Completa,Sin Data,Iman Temporing,Sin Data
2025-10-11,Trabajoscom,Huesca,Monzon,PEON/A SOLDADOR/A,Sin Data,Sin Data,Indefinido,Jornada Completa,Sin Data,Iman Temporing,Sin Data
2025-10-11,Trabajoscom,Ourense,Ourense,Animador/a Sociocultural Centro Residencial DomusVi Barra de Miño,Sin Data,Sin Data,De duracion determinada,Media Jornada,Sin Data,DomusVi,Sin Data
2025-10-11,Trabajoscom,Asturias,Todo Asturias,Fisioterapeuta Centro Residencial DomusVi Carancos,Sin Data,Sin Data,Indefinido,Media Jornada,Sin Data,DomusVi,Sin Data
2025-10-11,Trabajoscom,Barcelona,Terrassa,Auxiliar de farmacia - Centro Residencial DomusVi Terrassa,Sin Data,Sin Data,Indefinido,Jornada Indiferente,Sin Data,DomusVi,Sin Data
2025-10-11,Trabajoscom,Baleares,Palma De Mallorca,Gerocultor/a - Auxiliar de enfermería Centro Residencial DomusVi Sa Riera,Sin Data,Sin Data,De duracion determinada,Jornada Completa,Sin Data,DomusVi,Sin Data
2025-10-11,Trabajoscom,Girona,Sant Feliu De Buixalleu,COMERCIAL,17.000 € - 25.000 €,Sin Data,De duracion determinada,Jornada Completa,Sin Data,Synergie ETT,Sin Data
2025-10-11,Trabajoscom,Girona,Sant Feliu De Buixalleu,COMERCIAL,17.000 € - 25.000 €,Sin Data,De duracion determinada,Jornada Completa,Sin Data,Synergie ETT,Sin Data
2025-10-11,Trabajoscom,Girona,Hostalric,ANALISTA LABORATORIO- CONTROL DE CALIDAD,12 € - 14 €,Sin Data,Indefinido,Jornada Completa,Sin Data,Synergie ETT,Sin Data
2025-10-11,Trabajoscom,Girona,Arbucies,Tecnico/a de Laboratorio,16.000 € - 23.000 €,Sin Data,Indefinido,Jornada Completa,Sin Data,Synergie ETT,Sin Data
2025-10-11,Trabajoscom,Madrid,Todo Madrid,Técnico/a electrohidráulico/a - Puesto Estable,Sin Data,Sin Data,De duracion determinada,Jornada Completa,Sin Data,Iman Temporing,Sin Data
2025-10-11,Trabajoscom,Málaga,Antequera,Técnico de mantenimiento electromecánico - (H/M),Sin Data,Sin Data,De duracion determinada,Jornada Completa,Sin Data,Crit Interim España ETT,Sin Data
2025-10-11,Trabajoscom,Cantabria,Medio Cudeyo,OPERARIO/A  FUNDICION,22 €,Sin Data,Indefinido,Jornada Indiferente,Sin Data,Iman Temporing,Sin Data
2025-10-11,Trabajoscom,Barcelona,Sant Feliu De Llobregat,Inside Sales - Sant Feliu de Llobregat,Sin Data,Sin Data,De duracion determinada,Jornada Completa,Sin Data,Crit Interim España ETT,Sin Data
2025-10-11,Trabajoscom,Madrid,Todo Madrid,Marketing Assistant,Sin Data,Sin Data,Indefinido,Jornada Completa,Sin Data,Crit Interim España ETT,Sin Data
2025-10-11,Trabajoscom,Almería,El Ejido,Carretillero/a frontal i retráctil,Sin Data,Sin Data,De duracion determinada,Jornada Indiferente,Sin Data,Iman Temporing,Sin Data
2025-10-11,Trabajoscom,Pontevedra,Todo Pontevedra,Dependiente/a almacenero,Sin Data,Sin Data,De duracion determinada,Jornada Completa,Sin Data,Faster Empleo ETT,Sin Data
2025-10-11,Trabajoscom,Barcelona,Todo Barcelona,Mozo/a de Almacén,19.000 €,Sin Data,De duracion determinada,Jornada Completa,Sin Data,Crit Interim España ETT,Sin Data
2025-10-11,Trabajoscom,Madrid,Todo Madrid,Manipuladores de alimentos (turnos rotativos),Sin Data,Sin Data,De duracion determinada,Jornada Completa,Sin Data,Crit Interim España ETT,Sin Data
2025-10-11,Trabajoscom,Madrid,Todo Madrid,Carnicero/a o Pescadero/a en Fabrica (Pinto),Sin Data,Sin Data,Indefinido,Jornada Completa,Sin Data,Crit Interim España ETT,Sin Data
2025-10-11,Trabajoscom,Girona,Girona,Técnico/a Electromecánico/a - Girona,Sin Data,Sin Data,Indefinido,Jornada Completa,Sin Data,Iman Temporing,Sin Data
2025-10-11,Trabajoscom,Navarra,Pamplona/iruña,Técnico/a de Mantenimiento y Cambio de moldes,Sin Data,Sin Data,Indefinido,Jornada Completa,Sin Data,Pacto,Sin Data
2025-10-11,Trabajoscom,Barcelona,Sabadell,Operario/a inyección 5to turno,Sin Data,Sin Data,De duracion determinada,Jornada Completa,Sin Data,Iman Temporing,Sin Data
2025-10-11,Trabajoscom,Murcia,Murcia,Operario Básico de Mantenimiento (H/M) Beniajan,Sin Data,Sin Data,De duracion determinada,Jornada Completa,Sin Data,Crit Interim España ETT,Sin Data
2025-10-11,Trabajoscom,Barcelona,Sant Quirze Del Valles,Administrativo/a de Tráfico,Sin Data,Sin Data,Indefinido,Jornada Completa,Sin Data,Iman Temporing,Sin Data
2025-10-11,Trabajoscom,A Coruña,Noia,Enfermero/a - DUE Centro Residencial DomusVi Noia,Sin Data,Sin Data,Indefinido,Jornada Completa,Sin Data,DomusVi,Sin Data
2025-10-11,Trabajoscom,Tarragona,Reus,Mozo/a de almacén con Formación 20 horas Metal,Sin Data,Sin Data,De duracion determinada,Jornada Indiferente,Sin Data,Iman Temporing,Sin Data
2025-10-11,Trabajoscom,Málaga,Antequera,Carpintero/Soldador metálico -(H/M),Sin Data,Sin Data,De duracion determinada,Jornada Completa,Sin Data,Crit Interim España ETT,Sin Data
2025-10-11,Trabajoscom,A Coruña,Noia,Enfermero/a - DUE Centro Residencial DomusVi Noia,Sin Data,Sin Data,Indefinido,Jornada Completa,Sin Data,DomusVi,Sin Data
2025-10-11,Trabajoscom,Tarragona,Reus,Mozo/a de almacén con Formación 20 horas Metal,Sin Data,Sin Data,De duracion determinada,Jornada Indiferente,Sin Data,Iman Temporing,Sin Data
2025-10-11,Trabajoscom,Navarra,Pamplona/iruña,Técnico/a de Mantenimiento y Cambio de moldes,Sin Data,Sin Data,Indefinido,Jornada Completa,Sin Data,Pacto,Sin Data
2025-10-11,Trabajoscom,Navarra,Pamplona/iruña,Subgobernanta/e,Sin Data,Sin Data,Indefinido,Jornada Indiferente,Sin Data,Citius Outsourcing,Sin Data
2025-10-11,Trabajoscom,Cantabria,Torrelavega,Mecánico/a de Vehículos,Sin Data,Sin Data,De duracion determinada,Jornada Completa,Sin Data,Crit Interim España ETT,Sin Data
2025-10-11,Trabajoscom,Girona,Girona,Técnico/a Electromecánico/a - Girona,Sin Data,Sin Data,Indefinido,Jornada Completa,Sin Data,Iman Temporing,Sin Data
2025-10-11,Trabajoscom,Madrid,Todo Madrid,Manipuladores de alimentos (turnos rotativos),Sin Data,Sin Data,De duracion determinada,Jornada Completa,Sin Data,Crit Interim España ETT,Sin Data
2025-10-11,Trabajoscom,Madrid,Todo Madrid,Carnicero/a o Pescadero/a en Fabrica (Pinto),Sin Data,Sin Data,Indefinido,Jornada Completa,Sin Data,Crit Interim España ETT,Sin Data
