Fecha,Plataforma,Provincia,Localidad,Oferta_Empleo,Salario,Modalidad,Tipo_Contrato,Tipo_Jornada,Experiencia,Empresa,Requisitos
2025-10-30,Trabajoscom,Lleida,Tarrega,Vigilante Seguridad.  CAP Tàrrega,Sin Data,Sin Data,Indefinido,Jornada Intensiva,Sin Data,Clece Seguridad,Sin Data
2025-10-30,Trabajoscom,Barcelona,Sant Cugat Del Valles,Especialista de limpieza (20:00 a 21:30).    Vallès Occidental,353 €,Sin Data,Indefinido,Jornada Intensiva,Sin Data,Limpiezas Deyse,Sin Data
2025-10-30,Trabajoscom,Almería,Almeria,PERSONAL DE TIENDA: MGI ALMERIA - Campaña de Navidad,Sin Data,Sin Data,De duracion determinada,Jornada Indiferente,Sin Data,Tiendas MGI,Sin Data
2025-10-30,Trabajoscom,Cádiz,El Puerto De Santa Maria,PERSONAL DE TIENDA: MGI EL PUERTO SANTA MARIA - Campaña de Navidad,Sin Data,Sin Data,De duracion determinada,Jornada Indiferente,Sin Data,Tiendas MGI,Sin Data
2025-10-30,Trabajoscom,Barcelona,Barcelona,AGENTE DE CALL CENTER PARA CENTROS MEDICOS,10.000 € - 20.000 €,Sin Data,De duracion determinada,Media Jornada,Sin Data,Mqdent,Sin Data
2025-10-30,Trabajoscom,Jaén,Jaen,PERSONAL DE TIENDA: MGI JAEN- Campaña de Navidad,Sin Data,Sin Data,De duracion determinada,Jornada Indiferente,Sin Data,Tiendas MGI,Sin Data
2025-10-30,Trabajoscom,Sevilla,Todo Sevilla,Agente de Atención al Cliente con Portugués (Aerolíneas - equipajes) ✈️,1.500 €,Sin Data,De duracion determinada,Media Jornada,Sin Data,Foundever Spain,Sin Data
2025-10-30,Trabajoscom,Granada,Granada,PERSONAL DE TIENDA: MGI GRANADA GRANAITA - Campaña de Navidad,Sin Data,Sin Data,De duracion determinada,Jornada Indiferente,Sin Data,Tiendas MGI,Sin Data
2025-10-30,Trabajoscom,Granada,Granada,PERSONAL DE TIENDA: MGI GRANADA ALBAN- Campaña de Navidad,Sin Data,Sin Data,De duracion determinada,Jornada Indiferente,Sin Data,Tiendas MGI,Sin Data
2025-10-30,Trabajoscom,Castellón,Castellon De La Plana/castello De La Pla,PERSONAL DE TIENDA: MGI CASTELLON - Campaña de Navidad,Sin Data,Sin Data,De duracion determinada,Jornada Indiferente,Sin Data,Tiendas MGI,Sin Data
2025-10-30,Trabajoscom,Barcelona,Terrassa,PERSONAL DE TIENDA: MGI TERRASSA- Campaña de Navidad,Sin Data,Sin Data,De duracion determinada,Jornada Indiferente,Sin Data,Tiendas MGI,Sin Data
2025-10-30,Trabajoscom,Murcia,Murcia,PERSONAL DE TIENDA: MGI MURCIA CONDOMINA- Campaña de Navidad,Sin Data,Sin Data,De duracion determinada,Jornada Indiferente,Sin Data,Tiendas MGI,Sin Data
2025-10-30,Trabajoscom,Madrid,Todo Madrid,Conserje - Teatro Coliseum (Madrid),Sin Data,Sin Data,Discapacidad,Jornada Completa,Sin Data,Madintegra 21 CEE,Sin Data
2025-10-30,Trabajoscom,Sevilla,Todo Sevilla,Gestor (H/M/X) de Proyectos I+D,Sin Data,Sin Data,Indefinido,Jornada Indiferente,Sin Data,Manpower Trabajo Temporal,Sin Data
2025-10-30,Trabajoscom,Madrid,Todo Madrid,Matricero/a,Sin Data,Sin Data,Indefinido,Jornada Intensiva,Sin Data,Grupompleo,Sin Data
2025-10-30,Trabajoscom,Guadalajara,Todo Guadalajara,Administrativo/a Logístico – Excel avanzado - H/M/X,Sin Data,Sin Data,Indefinido,Jornada Indiferente,Sin Data,Manpower Trabajo Temporal,Sin Data
2025-10-30,Trabajoscom,Alicante,Todo Alicante,Operario de Confección. Lunes a Viernes (H/MX),Sin Data,Sin Data,Indefinido,Jornada Indiferente,Sin Data,Manpower Trabajo Temporal,Sin Data
2025-10-30,Trabajoscom,Cádiz,Todo Cádiz,Personal Assistant - Campo de Gibraltar (H/M/D),Sin Data,Sin Data,Indefinido,Jornada Indiferente,Sin Data,Page Personnel ETT,Sin Data
2025-10-30,Trabajoscom,Madrid,Todo Madrid,Asesor contable y fiscal,Sin Data,Sin Data,Indefinido,Jornada Indiferente,Sin Data,Page Personnel ETT,Sin Data
2025-10-30,Trabajoscom,Cantabria,Todo Cantabria,Operario de Producción Industrial (H/M/X) Primer empleo con FP II Turnos rotativos,Sin Data,Sin Data,Indefinido,Jornada Indiferente,Sin Data,Manpower Trabajo Temporal,Sin Data
2025-10-30,Trabajoscom,Barcelona,Todo Barcelona,Controller Financiero Junior,Sin Data,Sin Data,Indefinido,Jornada Indiferente,Sin Data,Page Personnel ETT,Sin Data
2025-10-30,Trabajoscom,Navarra,Todo Navarra,ESPECIALISTA PRODUCCIÓN DIAS/SEMANAS SUELTAS,Sin Data,Sin Data,Indefinido,Jornada Indiferente,Sin Data,Grupompleo,Sin Data
2025-10-30,Trabajoscom,Coruña,Todo Coruña,Operario/a de pescado,Sin Data,Sin Data,Indefinido,Jornada Indiferente,Sin Data,EY,Sin Data
2025-10-30,Trabajoscom,Gipuzkoa,Todo Gipuzkoa,Fresador para Fresadora CNC,Sin Data,Sin Data,Indefinido,Jornada Completa,Sin Data,EY,Sin Data
2025-10-30,Trabajoscom,Madrid,Todo Madrid,Técnico de Nóminas,Sin Data,Sin Data,Indefinido,Jornada Indiferente,Sin Data,Page Personnel ETT,Sin Data
2025-10-30,Trabajoscom,León,Leon,PERSONAL DE TIENDA: MGI LEON - Campaña de Navidad,Sin Data,Sin Data,De duracion determinada,Jornada Indiferente,Sin Data,Tiendas MGI,Sin Data
2025-10-30,Trabajoscom,Bizkaia,Todo Bizkaia,Operario/a químico f0b4ec2c,Sin Data,Sin Data,Indefinido,Jornada Indiferente,Sin Data,EY,Sin Data
2025-10-30,Trabajoscom,Tarragona,Todo Tarragona,Técnico/a de mantenimiento electromecánico/a 0b53b08a,Sin Data,Sin Data,Indefinido,Jornada Indiferente,Sin Data,EY,Sin Data
2025-10-30,Trabajoscom,Madrid,Todo Madrid,Azure Cloud Engineer / Inglés Alto / REMOTO / (H/XM),Sin Data,Sin Data,Indefinido,Jornada Indiferente,Sin Data,Manpower Trabajo Temporal,Sin Data
2025-10-30,Trabajoscom,Toledo,Todo Toledo,Titulado/a en Grado Superior en Procesos de la Industrial Alimentaria (H/M/X),Sin Data,Sin Data,Indefinido,Jornada Indiferente,Sin Data,Manpower Trabajo Temporal,Sin Data
2025-10-30,Trabajoscom,Valencia,Todo Valencia,Encajador/a de naranja,Sin Data,Sin Data,Indefinido,Jornada Completa,Sin Data,Eurofirms,Sin Data
2025-10-30,Trabajoscom,Barcelona,Todo Barcelona,Jefe/a de producción 99bf52e0,Sin Data,Sin Data,Indefinido,Jornada Indiferente,Sin Data,EY,Sin Data
2025-10-30,Trabajoscom,Albacete,Todo Albacete,Operario de Fábrica H/M,Sin Data,Sin Data,Indefinido,Jornada Completa,Sin Data,EY,Sin Data
2025-10-30,Trabajoscom,Cádiz,Todo Cádiz,Programador/a PLC,Sin Data,Sin Data,Indefinido,Jornada Indiferente,Sin Data,Page Personnel ETT,Sin Data
2025-10-30,Trabajoscom,Madrid,Todo Madrid,Abogado Fiscalista - Despacho de abogados,Sin Data,Sin Data,Indefinido,Jornada Indiferente,Sin Data,Page Personnel ETT,Sin Data
2025-10-30,Trabajoscom,Toledo,Todo Toledo,Operario líneas de producción (H/M/X),Sin Data,Sin Data,Indefinido,Jornada Indiferente,Sin Data,Manpower Trabajo Temporal,Sin Data
2025-10-30,Trabajoscom,Madrid,Todo Madrid,Técnico/a de mantenimiento,Sin Data,Sin Data,Indefinido,Jornada Completa,Sin Data,EY,Sin Data
2025-10-30,Trabajoscom,Barcelona,Todo Barcelona,Administrativo/a Contable - Facturación y Gestión de Clientes,Sin Data,Sin Data,Indefinido,Jornada Indiferente,Sin Data,Page Personnel ETT,Sin Data
2025-10-30,Trabajoscom,Madrid,Todo Madrid,Tecnico de RRHH,Sin Data,Sin Data,Indefinido,Jornada Indiferente,Sin Data,Page Personnel ETT,Sin Data
2025-10-30,Trabajoscom,Valencia,Todo Valencia,Comercial Packaging - Zona Norte,Sin Data,Sin Data,Indefinido,Jornada Indiferente,Sin Data,Page Personnel ETT,Sin Data
2025-10-30,Trabajoscom,Valencia,Todo Valencia,Project Manager - Proyectos industriales -,Sin Data,Sin Data,Indefinido,Jornada Indiferente,Sin Data,Page Personnel ETT,Sin Data
2025-10-30,Trabajoscom,Barcelona,Todo Barcelona,Administrativo/a Contable - Empresa Industrial,Sin Data,Sin Data,Indefinido,Jornada Indiferente,Sin Data,Page Personnel ETT,Sin Data
2025-10-30,Trabajoscom,Madrid,Todo Madrid,Analista funcional y backoffice (H/M/X),Sin Data,Sin Data,Indefinido,Jornada Indiferente,Sin Data,Manpower Trabajo Temporal,Sin Data
2025-10-30,Trabajoscom,Huelva,Todo Huelva,Secretario/a de Dirección (H/M/D),Sin Data,Sin Data,Indefinido,Jornada Indiferente,Sin Data,Page Personnel ETT,Sin Data
2025-10-30,Trabajoscom,Madrid,Todo Madrid,Programador Senior C++,Sin Data,Sin Data,Indefinido,Jornada Indiferente,Sin Data,Page Personnel ETT,Sin Data
2025-10-30,Trabajoscom,Málaga,Todo Málaga,Operario de prensa - (H/M),Sin Data,Sin Data,Indefinido,Jornada Completa,Sin Data,EY,Sin Data
2025-10-30,Trabajoscom,Madrid,Madrid,Investigador junior postdoctoral en modelos de ciberseguridad,37.500 €,Sin Data,Indefinido,Jornada Completa,Sin Data,Fundación General de la Universidad Politécnica de Madrid,Sin Data
2025-10-30,Trabajoscom,Madrid,Fuenlabrada,Fresador CNC con programación Mastercam (9625),30.000 € - 35.000 €,Sin Data,Indefinido,Jornada Completa,Sin Data,Human Simbio Consulting,Sin Data
2025-10-30,Trabajoscom,Toledo,Noblejas,Tornero Convencional (6325),25.000 € - 30.000 €,Sin Data,Indefinido,Jornada Completa,Sin Data,Human Simbio Consulting,Sin Data
2025-10-30,Trabajoscom,Barcelona,Mollet Del Valles,LIMPIADOR/A MOLLET DEL VALLÈS (ID 61435),Sin Data,Sin Data,De duracion determinada,Media Jornada,Sin Data,Multiserveis Ndavant,Sin Data
2025-10-30,Trabajoscom,Madrid,Todo Madrid,SE NECESITAN ELECTRICISTAS,18.000 € - 24.000 €,Sin Data,Indefinido,Jornada Completa,Sin Data,"Investigaciones, Montajes Electricos y Servicios",Sin Data
2025-10-30,Trabajoscom,Zaragoza,Pedrola,Operario/a para Pedrola con coche,13 € - 15 €,Sin Data,De duracion determinada,Jornada Completa,Sin Data,Grupo Adecco,Sin Data
2025-10-30,Trabajoscom,Barcelona,Badalona,Sales Developer,1.500 € - 2.500 €,Sin Data,Autonomo,Freelance,Sin Data,Seguros Catalana Occidente,Sin Data
2025-10-30,Trabajoscom,Barcelona,Todo Barcelona,Técnico/a de Desarrollo de Negocio – Sector Industrial,Sin Data,Sin Data,Autonomo,Jornada Indiferente,Sin Data,Empresa de Selección,Sin Data
2025-10-30,Trabajoscom,Bizkaia,Todo Bizkaia,Técnico/a de Desarrollo de Negocio – Sector Industrial,Sin Data,Sin Data,Autonomo,Jornada Indiferente,Sin Data,Empresa de Selección,Sin Data
2025-10-30,Trabajoscom,Málaga,Todo Málaga,Técnico/a de Desarrollo de Negocio – Sector Industrial,Sin Data,Sin Data,Autonomo,Jornada Indiferente,Sin Data,Empresa de Selección,Sin Data
2025-10-30,Trabajoscom,Gipuzkoa,Todo Gipuzkoa,Administrativo/a,Sin Data,Sin Data,De duracion determinada,Jornada Completa,Sin Data,AdegiLan,Sin Data
2025-10-30,Trabajoscom,Gipuzkoa,Todo Gipuzkoa,Técnico/a Marketing y Comunicación,Sin Data,Sin Data,Indefinido,Jornada Completa,Sin Data,AdegiLan,Sin Data
2025-10-30,Trabajoscom,Gipuzkoa,Todo Gipuzkoa,Administrativo/a (media jornada),Sin Data,Sin Data,Indefinido,Jornada Indiferente,Sin Data,AdegiLan,Sin Data
2025-10-30,Trabajoscom,Gipuzkoa,Todo Gipuzkoa,"Fabricante de ventanas, puertas y cerramientos de PVC",Sin Data,Sin Data,De duracion determinada,Jornada Completa,Sin Data,AdegiLan,Sin Data
2025-10-30,Trabajoscom,Gipuzkoa,Todo Gipuzkoa,INGENIERO/A MANTENIMIENTO MECANICO,Sin Data,Sin Data,Indefinido,Jornada Completa,Sin Data,AdegiLan,Sin Data
2025-10-30,Trabajoscom,Castellón,Chilches/xilxes,Operario/a de Clasificación en Xilxes,Sin Data,Sin Data,Sin Data,Jornada Completa,Sin Data,Colorker Group,Sin Data
2025-10-30,Trabajoscom,Baleares,Todo Baleares,Camioneros/as con carné C+E (Llucmajor),12 € - 13 €,Sin Data,A tiempo parcial,Jornada Completa,Sin Data,Grupo Adecco,Sin Data
2025-10-30,Trabajoscom,Gipuzkoa,Todo Gipuzkoa,Abogado/a de Equipos Emprendedores,Sin Data,Sin Data,Indefinido,Jornada Indiferente,Sin Data,AdegiLan,Sin Data
2025-10-30,Trabajoscom,Gipuzkoa,Todo Gipuzkoa,JEFE/A ADMINISTRACION,18 € - 30 €,Sin Data,Indefinido,Jornada Indiferente,Sin Data,AdegiLan,Sin Data
2025-10-30,Trabajoscom,Madrid,Madrid,Servicio de limpieza en Madrid,Sin Data,Sin Data,A tiempo parcial,Trabajo Por Horas,Sin Data,Trigo y Martin Asociados,Sin Data
2025-10-30,Trabajoscom,Bizkaia,Todo Bizkaia,"2 Fisioterapeutas en zona Friburgo, Baden-Baden y Karlsruhe, Alemania",Sin Data,Sin Data,Indefinido,Jornada Completa,Sin Data,TTA Personal GmbH,Sin Data
2025-10-30,Trabajoscom,Ceuta,Ceuta,"2 Fisioterapeutas en zona Friburgo, Baden-Baden y Karlsruhe, Alemania",Sin Data,Sin Data,Indefinido,Jornada Completa,Sin Data,TTA Personal GmbH,Sin Data
2025-10-30,Trabajoscom,Cuenca,Todo Cuenca,"2 Fisioterapeutas en zona Friburgo, Baden-Baden y Karlsruhe, Alemania",Sin Data,Sin Data,Indefinido,Jornada Completa,Sin Data,TTA Personal GmbH,Sin Data
2025-10-30,Trabajoscom,Granada,Todo Granada,"2 Fisioterapeutas en zona Friburgo, Baden-Baden y Karlsruhe, Alemania",Sin Data,Sin Data,Indefinido,Jornada Completa,Sin Data,TTA Personal GmbH,Sin Data
2025-10-30,Trabajoscom,Guadalajara,Todo Guadalajara,"2 Fisioterapeutas en zona Friburgo, Baden-Baden y Karlsruhe, Alemania",Sin Data,Sin Data,Indefinido,Jornada Completa,Sin Data,TTA Personal GmbH,Sin Data
2025-10-30,Trabajoscom,Murcia,Murcia,"2 Fisioterapeutas en zona Friburgo, Baden-Baden y Karlsruhe, Alemania",Sin Data,Sin Data,Indefinido,Jornada Completa,Sin Data,TTA Personal GmbH,Sin Data
2025-10-30,Trabajoscom,Segovia,Todo Segovia,"2 Fisioterapeutas en zona Friburgo, Baden-Baden y Karlsruhe, Alemania",Sin Data,Sin Data,Indefinido,Jornada Completa,Sin Data,TTA Personal GmbH,Sin Data
2025-10-30,Trabajoscom,Navarra,Todo Navarra,"2 Fisioterapeutas en zona Friburgo, Baden-Baden y Karlsruhe, Alemania",Sin Data,Sin Data,Indefinido,Jornada Completa,Sin Data,TTA Personal GmbH,Sin Data
2025-10-30,Trabajoscom,Cáceres,Todo Cáceres,"2 Fisioterapeutas en zona Friburgo, Baden-Baden y Karlsruhe, Alemania",Sin Data,Sin Data,Indefinido,Jornada Completa,Sin Data,TTA Personal GmbH,Sin Data
2025-10-30,Trabajoscom,Cádiz,Cadiz,"2 Fisioterapeutas en zona Friburgo, Baden-Baden y Karlsruhe, Alemania",Sin Data,Sin Data,Indefinido,Jornada Completa,Sin Data,TTA Personal GmbH,Sin Data
2025-10-30,Trabajoscom,Ciudad Real,Ciudad Real,"2 Fisioterapeutas en zona Friburgo, Baden-Baden y Karlsruhe, Alemania",Sin Data,Sin Data,Indefinido,Jornada Completa,Sin Data,TTA Personal GmbH,Sin Data
2025-10-30,Trabajoscom,Gipuzkoa,Todo Gipuzkoa,"2 Fisioterapeutas en zona Friburgo, Baden-Baden y Karlsruhe, Alemania",Sin Data,Sin Data,Indefinido,Jornada Completa,Sin Data,TTA Personal GmbH,Sin Data
2025-10-30,Trabajoscom,Soria,Todo Soria,"2 Fisioterapeutas en zona Friburgo, Baden-Baden y Karlsruhe, Alemania",Sin Data,Sin Data,Indefinido,Jornada Completa,Sin Data,TTA Personal GmbH,Sin Data
2025-10-30,Trabajoscom,Sevilla,Todo Sevilla,"2 Fisioterapeutas en zona Friburgo, Baden-Baden y Karlsruhe, Alemania",Sin Data,Sin Data,Indefinido,Jornada Completa,Sin Data,TTA Personal GmbH,Sin Data
2025-10-30,Trabajoscom,Cáceres,Todo Cáceres,"2 Fisioterapeutas en zona Friburgo, Baden-Baden y Karlsruhe, Alemania",Sin Data,Sin Data,Indefinido,Jornada Completa,Sin Data,TTA Personal GmbH,Sin Data
2025-10-30,Trabajoscom,Bizkaia,Todo Bizkaia,"2 Fisioterapeutas en zona Friburgo, Baden-Baden y Karlsruhe, Alemania",Sin Data,Sin Data,Indefinido,Jornada Completa,Sin Data,TTA Personal GmbH,Sin Data
2025-10-30,Trabajoscom,Cádiz,Cadiz,"2 Fisioterapeutas en zona Friburgo, Baden-Baden y Karlsruhe, Alemania",Sin Data,Sin Data,Indefinido,Jornada Completa,Sin Data,TTA Personal GmbH,Sin Data
2025-10-30,Trabajoscom,Barcelona,Todo Barcelona,Técnico/a Comercial en Corte de láser,Sin Data,Sin Data,Indefinido,Jornada Indiferente,Sin Data,Page Personnel ETT,Sin Data
2025-10-30,Trabajoscom,Barcelona,Todo Barcelona,Export Area Manager - Sector Textil,Sin Data,Sin Data,Indefinido,Jornada Indiferente,Sin Data,Page Personnel ETT,Sin Data
2025-10-30,Trabajoscom,Barcelona,Todo Barcelona,MOZO ALMACEN - Manejo Carretilla Elevadora,Sin Data,Sin Data,Indefinido,Jornada Indiferente,Sin Data,Page Personnel ETT,Sin Data
2025-10-30,Trabajoscom,Barcelona,Todo Barcelona,Contable (h/m) - Inglés alto,Sin Data,Sin Data,Indefinido,Jornada Indiferente,Sin Data,Page Personnel ETT,Sin Data
2025-10-30,Trabajoscom,Cádiz,Algeciras,DEPENDIENTE/A ALGECIRAS,6.000 € - 12.000 €,Sin Data,Indefinido,Jornada Intensiva,Sin Data,Vidal&Vidal,Sin Data
2025-10-30,Trabajoscom,Barcelona,Todo Barcelona,IT Project Manager,Sin Data,Sin Data,Indefinido,Jornada Indiferente,Sin Data,Page Personnel ETT,Sin Data
2025-10-30,Trabajoscom,Baleares,Manacor,Servicio de limpieza en Manacor,Sin Data,Sin Data,A tiempo parcial,Trabajo Por Horas,Sin Data,Trigo y Martin Asociados,Sin Data
2025-10-30,Trabajoscom,Zaragoza,Cuarte De Huerva,Operario/a mantenimiento/reparación,Sin Data,Sin Data,De duracion determinada,Jornada Completa,Sin Data,Grupo Adecco,Sin Data
2025-10-30,Trabajoscom,Barcelona,Terrassa,Comercial de seguros Tarrasa (Fijo + Variable).,Sin Data,Sin Data,Autonomo,Jornada Indiferente,Sin Data,SGS Seguros Santalucía,Sin Data
2025-10-30,Trabajoscom,Murcia,Todo Murcia,Comercial Industria,Sin Data,Sin Data,Indefinido,Jornada Completa,Sin Data,Blinker España,Sin Data
2025-10-30,Trabajoscom, Valencia, Valencia,TAPICERO/A,22.000 € - 25.000 €,Sin Data,De duracion determinada,Jornada Completa,Sin Data,Grupo Adecco,Sin Data
2025-10-30,Trabajoscom, Valencia, Valencia,OPERARIO/A SECTOR METAL,12 € - 13 €,Sin Data,De duracion determinada,Jornada Completa,Sin Data,Grupo Adecco,Sin Data
2025-10-30,Trabajoscom,Madrid,Madrid,Asesor/a de Negocios Fintech (Media Jornada) | Lanza tu Carrera en Madrid 🚀,800 € - 1.200 €,Sin Data,Indefinido,Media Jornada,Sin Data,myPOS,Sin Data
2025-10-30,Trabajoscom, Valencia, Valencia,Empaquetador/a manual,10 € - 11 €,Sin Data,De duracion determinada,Jornada Completa,Sin Data,Grupo Adecco,Sin Data
2025-10-30,Trabajoscom,Barcelona,Todo Barcelona,Project Manager IT,Sin Data,Sin Data,Indefinido,Jornada Indiferente,Sin Data,Page Personnel ETT,Sin Data
2025-10-30,Trabajoscom,Madrid,Todo Madrid,Programador Senior C++,Sin Data,Sin Data,Indefinido,Jornada Indiferente,Sin Data,Page Personnel ETT,Sin Data
2025-10-30,Trabajoscom,Barcelona,Sabadell,Gerocultor/a - Auxiliar de enfermería Centro Residencial DomusVi Sabadell,Sin Data,Sin Data,De duracion determinada,Jornada Indiferente,Sin Data,DomusVi,Sin Data
2025-10-30,Trabajoscom,Barcelona,Sant Quirze Safaja,OPERARIO/A DE PRODUCCIÓN SECTOR ALIMENTARIO,21.744 €,Sin Data,De duracion determinada,Jornada Completa,Sin Data,Iman Temporing,Sin Data
2025-10-30,Trabajoscom,Cantabria,Pielagos,Fisioterapeuta Centro Residencial DomusVi Liencres,Sin Data,Sin Data,Indefinido,Jornada Completa,Sin Data,DomusVi,Sin Data
2025-10-30,Trabajoscom,Alicante,Todo Alicante,Enfermero/a - DUE Centro Residencial DomusVi Alicante Babel,Sin Data,Sin Data,Indefinido,Jornada Indiferente,Sin Data,DomusVi,Sin Data
2025-10-30,Trabajoscom,Valencia,Manuel,OPERARIO/A DE COLOCACIÓN DE VINILOS,Sin Data,Sin Data,Indefinido,Jornada Completa,Sin Data,Iman Temporing,Sin Data
2025-10-30,Trabajoscom,Soria,Almazan,Operador Mecánico/Tubero,Sin Data,Sin Data,Indefinido,Jornada Completa,Sin Data,Iman Global Consulting,Sin Data
2025-10-30,Trabajoscom,Castellón,Onda,Esmaltador/a,21.000 € - 22.000 €,Sin Data,Indefinido,Jornada Completa,Sin Data,Iman Temporing,Sin Data
2025-10-30,Trabajoscom,Navarra,Todo Navarra,Operario/a carnico,Sin Data,Sin Data,De duracion determinada,Jornada Completa,Sin Data,Iman Temporing,Sin Data
2025-10-30,Trabajoscom,Barcelona,Terrassa,Administrativo/a gestión presupuestos,26.000 € - 28.000 €,Sin Data,De duracion determinada,Jornada Completa,Sin Data,Iman Temporing,Sin Data
2025-10-30,Trabajoscom,Navarra,Peralta/azkoien,Soldador/a,Sin Data,Sin Data,De duracion determinada,Jornada Completa,Sin Data,Iman Temporing,Sin Data
2025-10-30,Trabajoscom,Málaga,Todo Málaga,Técnico/a junior instalador/a/informático/a Málaga,Sin Data,Sin Data,De duracion determinada,Jornada Completa,Sin Data,Iman Temporing,Sin Data
2025-10-30,Trabajoscom,Bizkaia,Amorebieta-Etxano,Almacenero/a - Amorebieta,21.561 €,Sin Data,De duracion determinada,Jornada Completa,Sin Data,Iman Temporing,Sin Data
2025-10-30,Trabajoscom,Barcelona,Terrassa,Oficial CNC carpintería madera,22.800 € - 24.000 €,Sin Data,De duracion determinada,Jornada Completa,Sin Data,Iman Temporing,Sin Data
2025-10-30,Trabajoscom,Sevilla,Dos Hermanas,Soldador/a Electrodo (Dos Hermanas),Sin Data,Sin Data,De duracion determinada,Jornada Completa,Sin Data,Iman Temporing,Sin Data
2025-10-30,Trabajoscom,Málaga,Todo Málaga,Técnico/a en Reparación de Patinetes Eléctricos,Sin Data,Sin Data,De duracion determinada,Jornada Completa,Sin Data,Iman Temporing,Sin Data
2025-10-30,Trabajoscom,Barcelona,Terrassa,Técnico/a diseñador mobiliario madera,26.000 € - 28.000 €,Sin Data,De duracion determinada,Jornada Completa,Sin Data,Iman Temporing,Sin Data
2025-10-30,Trabajoscom,Valladolid,Todo Valladolid,Controller Operaciones,40.000 €,Sin Data,Indefinido,Jornada Completa,Sin Data,Crit Interim España ETT,Sin Data
2025-10-30,Trabajoscom,Valencia,Paterna,Peón para limpieza de cuadros eléctricos,Sin Data,Sin Data,De duracion determinada,Jornada Completa,Sin Data,Crit Interim España ETT,Sin Data
2025-10-30,Trabajoscom,Barcelona,Lliça De Vall,Técnico/a de Calidad y PRL,Sin Data,Sin Data,De duracion determinada,Jornada Completa,Sin Data,Crit Interim España ETT,Sin Data
2025-10-30,Trabajoscom,Tarragona,Constanti,Operario/a de producción,Sin Data,Sin Data,Indefinido,Jornada Completa,Sin Data,Iman Temporing,Sin Data
2025-10-30,Trabajoscom,Burgos,Todo Burgos,CALDERERO/A,Sin Data,Sin Data,De duracion determinada,Jornada Completa,Sin Data,Iman Temporing,Sin Data
2025-10-30,Trabajoscom,Madrid,Todo Madrid,Técnico/a de Mantenimiento Industrial-Turno Mañana,Sin Data,Sin Data,De duracion determinada,Jornada Completa,Sin Data,Crit Interim España ETT,Sin Data
2025-10-30,Trabajoscom,Barcelona,Sant Andreu De La Barca,Operario/a verificación piezas automoción,21.000 € - 22.000 €,Sin Data,De duracion determinada,Jornada Completa,Sin Data,Lis,Sin Data
2025-10-30,Trabajoscom,Madrid,Todo Madrid,Back Office bilingüe con neerlandés,22.000 €,Sin Data,De duracion determinada,Jornada Completa,Sin Data,Crit Interim España ETT,Sin Data
2025-10-30,Trabajoscom,Valencia,Godelleta,Administrativo/a Comercial PORTUGUÉS- (H/M),Sin Data,Sin Data,De duracion determinada,Jornada Completa,Sin Data,Crit Interim España ETT,Sin Data
2025-10-30,Trabajoscom,Castellón,Nules,Conductor/a,Sin Data,Sin Data,De duracion determinada,Jornada Completa,Sin Data,Iman Temporing,Sin Data
2025-10-30,Trabajoscom,Barcelona,Lliça D'amunt,MOZO/A ALMACÉN - De Sábado a Miércoles,Sin Data,Sin Data,Indefinido,Jornada Completa,Sin Data,Iman Temporing,Sin Data
2025-10-30,Trabajoscom,Jaén,Mengibar,Mecánico (H/M) Maquinaria Industrial,Sin Data,Sin Data,De duracion determinada,Jornada Completa,Sin Data,Crit Interim España ETT,Sin Data
2025-10-30,Trabajoscom,Barcelona,Torello,ADMINISTRATIVO/VA CONTABLE (JUNIOR),Sin Data,Sin Data,De duracion determinada,Jornada Completa,Sin Data,Iman Temporing,Sin Data
2025-10-30,Trabajoscom,Barcelona,Bigues I Riells,Operario/a maquinista,22.000 € - 23.000 €,Sin Data,De duracion determinada,Jornada Completa,Sin Data,Iman Temporing,Sin Data
2025-10-30,Trabajoscom,Málaga,Cartama,Envasado de carne-TURNO TARDE,16.000 €,Sin Data,De duracion determinada,Jornada Completa,Sin Data,Crit Interim España ETT,Sin Data
2025-10-30,Trabajoscom,Burgos,Todo Burgos,CALDERERO/A,Sin Data,Sin Data,De duracion determinada,Jornada Completa,Sin Data,Iman Temporing,Sin Data
2025-10-30,Trabajoscom,Bizkaia,Arrigorriaga,Chofer carnet C,20.000 € - 22.800 €,Sin Data,Indefinido,Jornada Completa,Sin Data,Iman Temporing,Sin Data
2025-10-30,Trabajoscom,Sevilla,Dos Hermanas,Peón/a Mantenimiento,Sin Data,Sin Data,Indefinido,Jornada Completa,Sin Data,Crit Interim España ETT,Sin Data
2025-10-30,Trabajoscom,Huesca,Fraga,MONTADOR/A,Sin Data,Sin Data,Indefinido,Jornada Completa,Sin Data,Iman Temporing,Sin Data
2025-10-30,Trabajoscom,Barcelona,Lliça De Vall,Técnico/a de Calidad y PRL,Sin Data,Sin Data,De duracion determinada,Jornada Completa,Sin Data,Crit Interim España ETT,Sin Data
2025-10-30,Trabajoscom,Tarragona,Constanti,Operario/a de producción,Sin Data,Sin Data,Indefinido,Jornada Completa,Sin Data,Iman Temporing,Sin Data
2025-10-30,Trabajoscom,Barcelona,Lliça De Vall,Técnico/a de control de calidad,20.000 € - 21.000 €,Sin Data,Indefinido,Jornada Completa,Sin Data,Iman Temporing,Sin Data
2025-10-30,Trabajoscom,Barcelona,Seva,OPERARIO/A EMBUTICIÓN (Incorporación inmediata),Sin Data,Sin Data,De duracion determinada,Jornada Completa,Sin Data,Iman Temporing,Sin Data
2025-10-30,Trabajoscom,Bizkaia,Zamudio,Repartidor/a furgoneta Zamudio.,Sin Data,Sin Data,De duracion determinada,Jornada Completa,Sin Data,Iman Temporing,Sin Data
2025-10-30,Trabajoscom,Castellón,Todo Castellón,Conductor/a C+ CAP ( Cítricos 2025-2026),Sin Data,Sin Data,De duracion determinada,Jornada Completa,Sin Data,Iman Temporing,Sin Data
2025-10-30,Trabajoscom,Castellón,Todo Castellón,Terapeuta Ocupacional Centro Residencial DomusVi Vilareal,Sin Data,Sin Data,Indefinido,Jornada Completa,Sin Data,DomusVi,Sin Data
2025-10-30,Trabajoscom,Murcia,Librilla,Administrativo/a de Ventas,Sin Data,Sin Data,De duracion determinada,Jornada Completa,Sin Data,Faster Empleo ETT,Sin Data
2025-10-30,Trabajoscom,Castellón,Soneja,Chófer+ Carretilla,Sin Data,Sin Data,Indefinido,Jornada Completa,Sin Data,Iman Temporing,Sin Data
2025-10-30,Trabajoscom,Bizkaia,Zamudio,Operario/a fresadora,Sin Data,Sin Data,De duracion determinada,Jornada Completa,Sin Data,Crit Interim España ETT,Sin Data
2025-10-30,Trabajoscom,Alicante,Biar,Limpiador/a   instalaciones generales,Sin Data,Sin Data,De duracion determinada,Jornada Completa,Sin Data,Faster Empleo ETT,Sin Data
2025-10-30,Trabajoscom,Barcelona,Terrassa,Administrativo/a gestión técnicos/as instaladores,21.000 € - 22.000 €,Sin Data,De duracion determinada,Jornada Completa,Sin Data,Iman Temporing,Sin Data
2025-10-30,Trabajoscom,Lugo,Burela,DEPENDIENTE/A DE SUPERMERCADO,17.000 € - 17.500 €,Sin Data,De duracion determinada,Jornada Completa,Sin Data,Iman Temporing,Sin Data
2025-10-30,Trabajoscom,Barcelona,Montornes Del Valles,Operario/a ( empresa artes gráficas),20.000 € - 20.774 €,Sin Data,De duracion determinada,Jornada Completa,Sin Data,Iman Temporing,Sin Data
2025-10-30,Trabajoscom,Madrid,Getafe,Conductor/a para reparto en Furgoneta H/M,Sin Data,Sin Data,A tiempo parcial,Jornada Completa,Sin Data,Faster Empleo ETT,Sin Data
2025-10-30,Trabajoscom,Valencia,Xeresa,Encajadoras/es - Xeraco,Sin Data,Sin Data,Indefinido,Jornada Completa,Sin Data,Crit Interim España ETT,Sin Data
2025-10-30,Trabajoscom,Girona,Girona,Técnico/a  Mantenimiento / Instalador en Sistemas de Seguridad,27.000 €,Sin Data,Indefinido,Jornada Completa,Sin Data,Iman Seguridad,Sin Data
2025-10-30,Trabajoscom,Barcelona,Terrassa,Mozo carretillero frontal Textil,Sin Data,Sin Data,Indefinido,Jornada Completa,Sin Data,Crit Interim España ETT,Sin Data
2025-10-30,Trabajoscom,Madrid,Alcala De Henares,Consultor Senior de Recursos Humanos,Sin Data,Sin Data,Indefinido,Jornada Completa,Sin Data,Crit Interim España ETT,Sin Data
2025-10-30,Trabajoscom,Navarra,Todo Navarra,OPERARIO/A DE LIMPIEZA INDUSTRIAL,18.000 €,Sin Data,De duracion determinada,Jornada Completa,Sin Data,Iman Temporing,Sin Data
2025-10-30,Trabajoscom,Murcia,Librilla,Administrativo/a de logística,Sin Data,Sin Data,De duracion determinada,Jornada Completa,Sin Data,Faster Empleo ETT,Sin Data
2025-10-30,Trabajoscom,Cantabria,Santander,Mozo carga y descarga días sueltos (h/m),Sin Data,Sin Data,De duracion determinada,Media Jornada,Sin Data,Crit Interim España ETT,Sin Data
2025-10-30,Trabajoscom,Cantabria,Santander,Técnico intermedio de PRL (Servicio prevención propio),Sin Data,Sin Data,De duracion determinada,Jornada Completa,Sin Data,Crit Interim España ETT,Sin Data
2025-10-30,Trabajoscom,Cantabria,Cartes,Mozo carga y descarga días sueltos (h/m),Sin Data,Sin Data,De duracion determinada,Media Jornada,Sin Data,Crit Interim España ETT,Sin Data
2025-10-30,Trabajoscom,Granada,Todo Granada,REPARTIDOR/A DE PAQUETERÍA,Sin Data,Sin Data,De duracion determinada,Jornada Completa,Sin Data,Iman Temporing,Sin Data
2025-10-30,Trabajoscom,Madrid,Todo Madrid,CAMARERO/A DE PISOS - PROVINCIA MADRID (ZONA SUR),Sin Data,Sin Data,A tiempo parcial,Media Jornada,Sin Data,Citius Outsourcing,Sin Data
2025-10-30,Trabajoscom,Cuenca,Motilla Del Palancar,Operario/a de Mantenimiento - Mecánico/a,Sin Data,Sin Data,De duracion determinada,Jornada Completa,Sin Data,Crit Interim España ETT,Sin Data
2025-10-30,Trabajoscom,Madrid,Todo Madrid,CAMARERO/A DE PISOS - PROVINCIA MADRID (ZONA SUR),Sin Data,Sin Data,A tiempo parcial,Media Jornada,Sin Data,Citius Outsourcing,Sin Data
2025-10-30,Trabajoscom,Sevilla,Todo Sevilla,Limpiadores/as (Turnos Rotativos),Sin Data,Sin Data,De duracion determinada,Jornada Completa,Sin Data,Iman Temporing,Sin Data
2025-10-30,Trabajoscom,Teruel,Calamocha,Operario/a cárnico/a,Sin Data,Sin Data,De duracion determinada,Jornada Completa,Sin Data,Iman Temporing,Sin Data
2025-10-30,Trabajoscom,Barcelona,Mollet Del Valles,Camarero/a de pisos,Sin Data,Sin Data,Indefinido,Media Jornada,Sin Data,Royal Rooms,Sin Data
2025-10-30,Trabajoscom,Valencia,Carlet,Encajadores/as campaña,Sin Data,Sin Data,De duracion determinada,Jornada Indiferente,Sin Data,Faster Empleo ETT,Sin Data
2025-10-30,Trabajoscom,Sevilla,La Puebla De Cazalla,Operarios/as fábricas-Puebla de Cazalla,Sin Data,Sin Data,De duracion determinada,Jornada Completa,Sin Data,Crit Interim España ETT,Sin Data
2025-10-30,Trabajoscom,Granada,Peligros,ADMINISTRATIVO - ATENCIÓN AL CLIENTE,Sin Data,Sin Data,De duracion determinada,Jornada Completa,Sin Data,Iman Temporing,Sin Data
2025-10-30,Trabajoscom,Barcelona,Todo Barcelona,CAMARERO/A,Sin Data,Sin Data,De duracion determinada,Media Jornada,Sin Data,Faster Empleo ETT,Sin Data
2025-10-30,Trabajoscom,Barcelona,Todo Barcelona,Conductor/a VTC| BCN | Indefinido,18.000 € - 20.000 €,Sin Data,Indefinido,Jornada Completa,Sin Data,Crit Interim España ETT,Sin Data
2025-10-30,Trabajoscom,Ávila,Avila,Enfermero/a - DUE Centro Residencial DomusVi Decanos (INDEFINIDO),Sin Data,Sin Data,Indefinido,Jornada Completa,Sin Data,DomusVi,Sin Data
2025-10-30,Trabajoscom,Navarra,Pamplona/iruña,MONTADOR/A CUADROS ELÉCTRICOS,Sin Data,Sin Data,De duracion determinada,Jornada Completa,Sin Data,Iman Temporing,Sin Data
2025-10-30,Trabajoscom,Barcelona,Rubi,Operario/a con carnet de manipulación alimentos,16.576 €,Sin Data,Indefinido,Jornada Completa,Sin Data,Iman Temporing,Sin Data
2025-10-30,Trabajoscom,Burgos,Todo Burgos,AUXILIAR ADMINISTRATIVO/A EMPRESA ALIMENTACIÓN,Sin Data,Sin Data,De duracion determinada,Jornada Completa,Sin Data,Iman Temporing,Sin Data
2025-10-30,Trabajoscom,Bizkaia,Zierbena,Operador/a toma de muestras (Bilbao),Sin Data,Sin Data,De duracion determinada,Jornada Completa,Sin Data,Crit Interim España ETT,Sin Data
2025-10-30,Trabajoscom,Ciudad Real,Villarta De San Juan,Operario/a de planta de Orujo,19.000 € - 20.000 €,Sin Data,De duracion determinada,Jornada Completa,Sin Data,Crit Interim España ETT,Sin Data
2025-10-30,Trabajoscom,Barcelona,Viladecavalls,Operario conocimiento Máquinas CNC,26.188 € - 27.000 €,Sin Data,Indefinido,Jornada Completa,Sin Data,Crit Interim España ETT,Sin Data
2025-10-30,Trabajoscom,Barcelona,Todo Barcelona,PLANIFICADOR/A DE RUTAS,Sin Data,Sin Data,Indefinido,Jornada Completa,Sin Data,Iman Temporing,Sin Data
2025-10-30,Trabajoscom,Barcelona,Todo Barcelona,Mozo/a de Almacén,Sin Data,Sin Data,De duracion determinada,Jornada Completa,Sin Data,Iman Temporing,Sin Data
2025-10-30,Trabajoscom,Barcelona,Todo Barcelona,Auxiliar Administrativo/a,Sin Data,Sin Data,Indefinido,Jornada Completa,Sin Data,Iman Temporing,Sin Data
2025-10-30,Trabajoscom,Sevilla,Todo Sevilla,Cocinero (H/M),Sin Data,Sin Data,Indefinido,Jornada Completa,Sin Data,Crit Interim España ETT,Sin Data
2025-10-30,Trabajoscom,Barcelona,Terrassa,Fisioterapeuta Centro Residencial DomusVi Terrassa Ciutat,Sin Data,Sin Data,De duracion determinada,Media Jornada,Sin Data,DomusVi,Sin Data
2025-10-30,Trabajoscom,Murcia,Murcia,Jefe de Turno - Cabezo de Torres,Sin Data,Sin Data,Indefinido,Jornada Completa,Sin Data,Crit Interim España ETT,Sin Data
2025-10-30,Trabajoscom,Madrid,Todo Madrid,Preparador/a de pedidos con traspale eléctrico,Sin Data,Sin Data,De duracion determinada,Jornada Completa,Sin Data,Iman Temporing,Sin Data
2025-10-30,Trabajoscom,Valencia,Alzira,Administrativo/a con SAP zona Almussafes,Sin Data,Sin Data,De duracion determinada,Jornada Completa,Sin Data,Iman Temporing,Sin Data
2025-10-30,Trabajoscom,Barcelona,Todo Barcelona,DEPENDIENTE/A DE TIENDA DE LUJO,Sin Data,Sin Data,Indefinido,Jornada Completa,Sin Data,Iman Temporing,Sin Data
2025-10-30,Trabajoscom,Córdoba,Cordoba,Oficial 1ª/2ª Electricista en CÓRDOBA,Sin Data,Sin Data,Fijo discontinuo,Jornada Completa,Sin Data,Franmar Work Solution,Sin Data
2025-10-30,Trabajoscom,Almería,El Ejido,PERSONAL DE TIENDA: MGI EL EJIDO- Campaña de Navidad,Sin Data,Sin Data,De duracion determinada,Jornada Indiferente,Sin Data,Tiendas MGI,Sin Data
2025-10-30,Trabajoscom,Huelva,Huelva,PERSONAL DE TIENDA: MGI HUELVA- Campaña de Navidad,Sin Data,Sin Data,De duracion determinada,Jornada Indiferente,Sin Data,Tiendas MGI,Sin Data
2025-10-30,Trabajoscom,Huelva,Lepe,PERSONAL DE TIENDA: MGI LEPE- Campaña de Navidad,Sin Data,Sin Data,De duracion determinada,Jornada Indiferente,Sin Data,Tiendas MGI,Sin Data
2025-10-30,Trabajoscom,Málaga,Marbella,PERSONAL DE TIENDA: MGI MARBELLA- Campaña de Navidad,Sin Data,Sin Data,De duracion determinada,Jornada Indiferente,Sin Data,Tiendas MGI,Sin Data
2025-10-30,Trabajoscom,Sevilla,Todo Sevilla,Teleoperador/a Compañía Aérea - Alemán & Español- Equipaje - Sevilla ✈️,1.540 €,Sin Data,De duracion determinada,Jornada Completa,Sin Data,Foundever Spain,Sin Data
2025-10-30,Trabajoscom,Barcelona,Todo Barcelona,Teleoperador/a Atención Al Cliente - Catalán Nativo - 30hs - Tardes,1.058 €,Sin Data,De duracion determinada,Media Jornada,Sin Data,Foundever Spain,Sin Data
2025-10-30,Trabajoscom,Badajoz,Merida,PERSONAL DE TIENDA: MGI MERIDA- Campaña de Navidad,Sin Data,Sin Data,De duracion determinada,Jornada Indiferente,Sin Data,Tiendas MGI,Sin Data
2025-10-30,Trabajoscom,Barcelona,Viladecans,PERSONAL DE TIENDA: MGI VILADECANS- Campaña de Navidad,Sin Data,Sin Data,De duracion determinada,Jornada Indiferente,Sin Data,Tiendas MGI,Sin Data
2025-10-30,Trabajoscom,Castellón,Vinaros,PERSONAL DE TIENDA: MGI VINAROS- Campaña de Navidad,Sin Data,Sin Data,De duracion determinada,Jornada Indiferente,Sin Data,Tiendas MGI,Sin Data
2025-10-30,Trabajoscom,Tarragona,Tarragona,PERSONAL DE TIENDA: MGI  TARRAGONA -  CAMPAÑA NAVIDAD,Sin Data,Sin Data,De duracion determinada,Jornada Completa,Sin Data,Tiendas MGI,Sin Data
2025-10-30,Trabajoscom,Málaga,Todo Málaga,Team Manager - Sector Turístico - Portuguese CS 📞 - Málaga,21.000 €,Sin Data,De duracion determinada,Jornada Completa,Sin Data,Foundever Spain,Sin Data
2025-10-30,Trabajoscom,Murcia,Cartagena,PERSONAL DE TIENDA: MGI CARTAGENA- Campaña de Navidad,Sin Data,Sin Data,De duracion determinada,Jornada Indiferente,Sin Data,Tiendas MGI,Sin Data
2025-10-30,Trabajoscom,Murcia,Murcia,PERSONAL DE TIENDA: MGI MURCIA THADER- Campaña de Navidad,Sin Data,Sin Data,De duracion determinada,Jornada Indiferente,Sin Data,Tiendas MGI,Sin Data
2025-10-30,Trabajoscom,Cádiz,Cadiz,PERSONAL DE TIENDA: MGI CADIZ- Campaña de Navidad,Sin Data,Sin Data,De duracion determinada,Jornada Indiferente,Sin Data,Tiendas MGI,Sin Data
2025-10-30,Trabajoscom,Madrid,Todo Madrid,Técnico de Sistemas,Sin Data,Sin Data,Indefinido,Jornada Indiferente,Sin Data,Page Personnel ETT,Sin Data
2025-10-30,Trabajoscom,Madrid,Todo Madrid,SCR Analyst (Financial Crime Operations) (M/F/X),Sin Data,Sin Data,Indefinido,Jornada Indiferente,Sin Data,Manpower Trabajo Temporal,Sin Data
2025-10-30,Trabajoscom,Araba,Todo Araba,Repartidor/a con C + CAP,Sin Data,Sin Data,Indefinido,Jornada Completa,Sin Data,EY,Sin Data
2025-10-30,Trabajoscom,Tarragona,Todo Tarragona,Técnico/a de mantenimiento,Sin Data,Sin Data,Indefinido,Jornada Completa,Sin Data,Eurofirms,Sin Data
2025-10-30,Trabajoscom,Barcelona,Todo Barcelona,Contable General,Sin Data,Sin Data,Indefinido,Jornada Indiferente,Sin Data,Page Personnel ETT,Sin Data
2025-10-30,Trabajoscom,Cantabria,Todo Cantabria,Delineante,Sin Data,Sin Data,Indefinido,Jornada Indiferente,Sin Data,Page Personnel ETT,Sin Data
2025-10-30,Trabajoscom,Toledo,Todo Toledo,WMS REFLEX,Sin Data,Sin Data,Indefinido,Jornada Indiferente,Sin Data,Manpower Trabajo Temporal,Sin Data
2025-10-30,Trabajoscom,Palmas,Todo Palmas,Ingeniero Mejora Procesos y Operaciones,Sin Data,Sin Data,Indefinido,Jornada Indiferente,Sin Data,Page Personnel ETT,Sin Data
2025-10-30,Trabajoscom,Barcelona,Todo Barcelona,Auditor Junior - (Vallès Occidental),Sin Data,Sin Data,Indefinido,Jornada Indiferente,Sin Data,Page Personnel ETT,Sin Data
2025-10-30,Trabajoscom,Madrid,Todo Madrid,Handyman Mantenimiento - 10h/s,Sin Data,Sin Data,Indefinido,Jornada Indiferente,Sin Data,Eurofirms,Sin Data
2025-10-30,Trabajoscom,Madrid,Todo Madrid,Técnico/a de mantenimiento,Sin Data,Sin Data,Indefinido,Jornada Completa,Sin Data,EY,Sin Data
2025-10-30,Trabajoscom,Madrid,Todo Madrid,Comercial Externo (H/M/X),Sin Data,Sin Data,Indefinido,Jornada Indiferente,Sin Data,Manpower Trabajo Temporal,Sin Data
2025-10-30,Trabajoscom,Gipuzkoa,Todo Gipuzkoa,Aux. Administrativo/a,Sin Data,Sin Data,Indefinido,Jornada Indiferente,Sin Data,EY,Sin Data
2025-10-30,Trabajoscom,Araba,Todo Araba,Repartidor/a con C + CAP,Sin Data,Sin Data,Indefinido,Jornada Completa,Sin Data,Eurofirms,Sin Data
2025-10-30,Trabajoscom,Coruña,Todo Coruña,Operario/a de pescado,Sin Data,Sin Data,Indefinido,Jornada Indiferente,Sin Data,Eurofirms,Sin Data
2025-10-30,Trabajoscom,Zamora,Zamora,PERSONAL DE TIENDA: MGI ZAMORA - Campaña de Navidad,Sin Data,Sin Data,De duracion determinada,Jornada Indiferente,Sin Data,Tiendas MGI,Sin Data
2025-10-30,Trabajoscom,Huelva,Todo Huelva,Programador/a PLC,Sin Data,Sin Data,Indefinido,Jornada Indiferente,Sin Data,Page Personnel ETT,Sin Data
2025-10-30,Trabajoscom,Madrid,Todo Madrid,Administrativo/a de Logística,Sin Data,Sin Data,Indefinido,Jornada Completa,Sin Data,Open To Work,Sin Data
2025-10-30,Trabajoscom,Burgos,Todo Burgos,Responsable RRHH,Sin Data,Sin Data,Indefinido,Jornada Indiferente,Sin Data,Page Personnel ETT,Sin Data
2025-10-30,Trabajoscom,Valencia,Todo Valencia,Comercial Export - francés + inglés,Sin Data,Sin Data,Indefinido,Jornada Indiferente,Sin Data,Page Personnel ETT,Sin Data
2025-10-30,Trabajoscom,Zaragoza,Todo Zaragoza,Operarios/as de producción días sueltos 8e16bf70,Sin Data,Sin Data,Indefinido,Jornada Indiferente,Sin Data,EY,Sin Data
2025-10-30,Trabajoscom,Barcelona,Todo Barcelona,Export Area Manager - Sector Textil,Sin Data,Sin Data,Indefinido,Jornada Indiferente,Sin Data,Page Personnel ETT,Sin Data
2025-10-30,Trabajoscom,Coruña,Todo Coruña,Administrativo (H/M/X),Sin Data,Sin Data,Indefinido,Jornada Indiferente,Sin Data,Manpower Trabajo Temporal,Sin Data
2025-10-30,Trabajoscom,León,Ponferrada,PERSONAL DE TIENDA: MGI PONFERRADA - Campaña de Navidad,Sin Data,Sin Data,De duracion determinada,Jornada Indiferente,Sin Data,Tiendas MGI,Sin Data
2025-10-30,Trabajoscom,Valencia,Todo Valencia,Programador/a Robots,Sin Data,Sin Data,Indefinido,Jornada Indiferente,Sin Data,Page Personnel ETT,Sin Data
2025-10-30,Trabajoscom,Valencia,Todo Valencia,Encargado/a Obra - edificación,Sin Data,Sin Data,Indefinido,Jornada Indiferente,Sin Data,Page Personnel ETT,Sin Data
2025-10-30,Trabajoscom,Barcelona,Todo Barcelona,Comercial Regional Sector Packaging - Etiquetas FMCG,Sin Data,Sin Data,Indefinido,Jornada Indiferente,Sin Data,Page Personnel ETT,Sin Data
2025-10-30,Trabajoscom,Barcelona,Todo Barcelona,Contable (h/m) - Inglés alto,Sin Data,Sin Data,Indefinido,Jornada Indiferente,Sin Data,Page Personnel ETT,Sin Data
2025-10-30,Trabajoscom,Barcelona,Todo Barcelona,Arquitecto Técnico/Aparejador - Promotora,Sin Data,Sin Data,Indefinido,Jornada Indiferente,Sin Data,Page Personnel ETT,Sin Data
2025-10-30,Trabajoscom,Salamanca,Salamanca,PERSONAL DE TIENDA: MGI SALAMANCA - Campaña de Navidad,Sin Data,Sin Data,De duracion determinada,Jornada Indiferente,Sin Data,Tiendas MGI,Sin Data
2025-10-30,Trabajoscom,Gipuzkoa,Todo Gipuzkoa,Tornero Oficial 1º,Sin Data,Sin Data,Indefinido,Jornada Indiferente,Sin Data,EY,Sin Data
2025-10-30,Trabajoscom,Barcelona,Todo Barcelona,Consultor/a selección hostelería 05536b6e,Sin Data,Sin Data,Indefinido,Jornada Indiferente,Sin Data,EY,Sin Data
2025-10-30,Trabajoscom,Madrid,Todo Madrid,Private Equity Analyst,Sin Data,Sin Data,Indefinido,Jornada Indiferente,Sin Data,Page Personnel ETT,Sin Data
2025-10-30,Trabajoscom,Asturias,Aviles,PERSONAL DE TIENDA: MGI AVILES- Campaña de Navidad,Sin Data,Sin Data,De duracion determinada,Jornada Indiferente,Sin Data,Tiendas MGI,Sin Data
2025-10-30,Trabajoscom,Madrid,Torrejon De Ardoz,Responsable de Pintura (8925),28.000 € - 29.000 €,Sin Data,Indefinido,Jornada Completa,Sin Data,Human Simbio Consulting,Sin Data
2025-10-30,Trabajoscom,Tenerife,Todo Tenerife,Fisioterapeuta,Sin Data,Sin Data,Indefinido,Jornada Completa,Sin Data,Empresa de Selección,Sin Data
2025-10-30,Trabajoscom,Madrid,San Fernando De Henares,SE NECESITA INGENIERO ELECTRICO,Sin Data,Sin Data,Indefinido,Jornada Completa,Sin Data,"Investigaciones, Montajes Electricos y Servicios",Sin Data
2025-10-30,Trabajoscom,Barcelona,Mollet Del Valles,LIMPIADOR/A SANTA PERPETUA DE MOGODA (ID 61434),Sin Data,Sin Data,Indefinido,Media Jornada,Sin Data,Multiserveis Ndavant,Sin Data
2025-10-30,Trabajoscom,Valencia,Todo Valencia,Técnico/a de Desarrollo de Negocio – Sector Industrial,Sin Data,Sin Data,Autonomo,Jornada Indiferente,Sin Data,Empresa de Selección,Sin Data
2025-10-30,Trabajoscom,Zaragoza,Todo Zaragoza,Técnico/a de Desarrollo de Negocio – Sector Industrial,Sin Data,Sin Data,Autonomo,Jornada Indiferente,Sin Data,Empresa de Selección,Sin Data
2025-10-30,Trabajoscom,Valencia,Todo Valencia,Técnico/a de Desarrollo de Negocio – Sector Industrial,Sin Data,Sin Data,Autonomo,Jornada Indiferente,Sin Data,Empresa de Selección,Sin Data
2025-10-30,Trabajoscom,Gipuzkoa,Todo Gipuzkoa,Ingeniero/a de Tecnologías Industriales,Sin Data,Sin Data,Indefinido,Jornada Completa,Sin Data,AdegiLan,Sin Data
2025-10-30,Trabajoscom,Palencia,Guardo,Técnico/a Mantenimiento,22.000 € - 27.000 €,Sin Data,Indefinido,Jornada Completa,Sin Data,Empresa de Selección,Sin Data
2025-10-30,Trabajoscom,Gipuzkoa,Todo Gipuzkoa,Técnico-a de E-Learning,Sin Data,Sin Data,Indefinido,Jornada Indiferente,Sin Data,AdegiLan,Sin Data
2025-10-30,Trabajoscom,Gipuzkoa,Todo Gipuzkoa,Técnico-a de Biblioteca,Sin Data,Sin Data,Indefinido,Jornada Indiferente,Sin Data,AdegiLan,Sin Data
2025-10-30,Trabajoscom,Gipuzkoa,Todo Gipuzkoa,Técnico/a de proceso,Sin Data,Sin Data,Indefinido,Jornada Indiferente,Sin Data,AdegiLan,Sin Data
2025-10-30,Trabajoscom,Gipuzkoa,Todo Gipuzkoa,INGENIERO/A MANTENIMIENTO ELECTRICO INDUSTRIAL,Sin Data,Sin Data,Indefinido,Jornada Completa,Sin Data,AdegiLan,Sin Data
2025-10-30,Trabajoscom,Gipuzkoa,Todo Gipuzkoa,Desarrollador-a de Negocio y Alianzas en Vino y Bebidas,Sin Data,Sin Data,Indefinido,Jornada Completa,Sin Data,AdegiLan,Sin Data
2025-10-30,Trabajoscom,Gipuzkoa,Todo Gipuzkoa,Profesor-a de Sala y Servicio,Sin Data,Sin Data,De duracion determinada,Jornada Completa,Sin Data,AdegiLan,Sin Data
2025-10-30,Trabajoscom,Gipuzkoa,Todo Gipuzkoa,COMERCIAL PARA MERCADO FRANCES,Sin Data,Sin Data,Indefinido,Jornada Completa,Sin Data,AdegiLan,Sin Data
2025-10-30,Trabajoscom,Barcelona,Sant Andreu De La Barca,Educador/a Infantil (12-15).  Escola Bressol Sant Andreu de la Barca,8.700 €,Sin Data,Indefinido,Jornada Intensiva,Sin Data,Serveis Educatius Cavall de Cartró,Sin Data
2025-10-30,Trabajoscom,Cáceres,Alcantara,Servicio de limpieza y ayuda para asearse en Alcantara ( Caceres),Sin Data,Sin Data,A tiempo parcial,Trabajo Por Horas,Sin Data,Trigo y Martin Asociados,Sin Data
2025-10-30,Trabajoscom,León,Todo León,"2 Fisioterapeutas en zona Friburgo, Baden-Baden y Karlsruhe, Alemania",Sin Data,Sin Data,Indefinido,Jornada Completa,Sin Data,TTA Personal GmbH,Sin Data
2025-10-30,Trabajoscom,Madrid,Todo Madrid,"2 Fisioterapeutas en zona Friburgo, Baden-Baden y Karlsruhe, Alemania",Sin Data,Sin Data,Indefinido,Jornada Completa,Sin Data,TTA Personal GmbH,Sin Data
2025-10-30,Trabajoscom,Lleida,Lleida,"2 Fisioterapeutas en zona Friburgo, Baden-Baden y Karlsruhe, Alemania",Sin Data,Sin Data,Indefinido,Jornada Completa,Sin Data,TTA Personal GmbH,Sin Data
2025-10-30,Trabajoscom,Málaga,Todo Málaga,"2 Fisioterapeutas en zona Friburgo, Baden-Baden y Karlsruhe, Alemania",Sin Data,Sin Data,Indefinido,Jornada Completa,Sin Data,TTA Personal GmbH,Sin Data
2025-10-30,Trabajoscom,Melilla,Melilla,"2 Fisioterapeutas en zona Friburgo, Baden-Baden y Karlsruhe, Alemania",Sin Data,Sin Data,Indefinido,Jornada Completa,Sin Data,TTA Personal GmbH,Sin Data
2025-10-30,Trabajoscom,Ourense,Ourense,"2 Fisioterapeutas en zona Friburgo, Baden-Baden y Karlsruhe, Alemania",Sin Data,Sin Data,Indefinido,Jornada Completa,Sin Data,TTA Personal GmbH,Sin Data
2025-10-30,Trabajoscom,Salamanca,Todo Salamanca,"2 Fisioterapeutas en zona Friburgo, Baden-Baden y Karlsruhe, Alemania",Sin Data,Sin Data,Indefinido,Jornada Completa,Sin Data,TTA Personal GmbH,Sin Data
2025-10-30,Trabajoscom,Pontevedra,Pontevedra,"2 Fisioterapeutas en zona Friburgo, Baden-Baden y Karlsruhe, Alemania",Sin Data,Sin Data,Indefinido,Jornada Completa,Sin Data,TTA Personal GmbH,Sin Data
2025-10-30,Trabajoscom,Tarragona,Tarragona,"2 Fisioterapeutas en zona Friburgo, Baden-Baden y Karlsruhe, Alemania",Sin Data,Sin Data,Indefinido,Jornada Completa,Sin Data,TTA Personal GmbH,Sin Data
2025-10-30,Trabajoscom,Zamora,Todo Zamora,"2 Fisioterapeutas en zona Friburgo, Baden-Baden y Karlsruhe, Alemania",Sin Data,Sin Data,Indefinido,Jornada Completa,Sin Data,TTA Personal GmbH,Sin Data
2025-10-30,Trabajoscom,Ávila,Avila,"2 Fisioterapeutas en zona Friburgo, Baden-Baden y Karlsruhe, Alemania",Sin Data,Sin Data,Indefinido,Jornada Completa,Sin Data,TTA Personal GmbH,Sin Data
2025-10-30,Trabajoscom,Asturias,Asturias,"2 Fisioterapeutas en zona Friburgo, Baden-Baden y Karlsruhe, Alemania",Sin Data,Sin Data,Indefinido,Jornada Completa,Sin Data,TTA Personal GmbH,Sin Data
2025-10-30,Trabajoscom,Burgos,Todo Burgos,"2 Fisioterapeutas en zona Friburgo, Baden-Baden y Karlsruhe, Alemania",Sin Data,Sin Data,Indefinido,Jornada Completa,Sin Data,TTA Personal GmbH,Sin Data
2025-10-30,Trabajoscom,Madrid,Madrid,Copy Copy Asesor Fiscal contable,Sin Data,Sin Data,Indefinido,Jornada Completa,Sin Data,Temps,Sin Data
2025-10-30,Trabajoscom,Soria,Soria,OPERARIO/A CÁRNICO,Sin Data,Sin Data,De duracion determinada,Jornada Completa,Sin Data,Temps,Sin Data
2025-10-30,Trabajoscom,Valencia,Algemesi,PEÓN SECTOR MADERA,1.440 € - 1.766 €,Sin Data,Indefinido,Jornada Completa,Sin Data,Palets Sauher,Sin Data
2025-10-30,Trabajoscom,Madrid,Coslada,REPARTIDOR/A DE PAQUETERÍA,Sin Data,Sin Data,De duracion determinada,Jornada Completa,Sin Data,Temps,Sin Data
2025-10-30,Trabajoscom,Huelva,Huelva,TERAPEUTA PARA CENTRO DE ATENCION TEMPRANA EN HUELVA,Sin Data,Sin Data,Indefinido,Jornada Completa,Sin Data,Integración Terapeutica Diogenes,Sin Data
2025-10-30,Trabajoscom,Zaragoza,Calatayud,PEÓN DE TRIAJE (Clasificación de materiales),Sin Data,Sin Data,De duracion determinada,Jornada Completa,Sin Data,Temps,Sin Data
2025-10-30,Trabajoscom,Barcelona,Barcelona,COCINEROS/AS BARCELONA,Sin Data,Sin Data,Indefinido,Jornada Completa,Sin Data,Temps,Sin Data
2025-10-30,Trabajoscom,Madrid,Villalbilla,Vigilante de seguridad - Jornada completa - Villalvilla,21.500 €,Sin Data,Indefinido,Jornada Completa,Sin Data,Grupo Adecco,Sin Data
2025-10-30,Trabajoscom,Barcelona,Olesa De Montserrat,Comercial de seguros Olesa de Montserrat (Fijo + Variable).,Sin Data,Sin Data,Autonomo,Jornada Indiferente,Sin Data,SGS Seguros Santalucía,Sin Data
2025-10-30,Trabajoscom, Valencia, Valencia,Maquinista de mallas para campaña citricos zona L’Horta Nord,9 € - 11 €,Sin Data,De duracion determinada,Jornada Completa,Sin Data,Grupo Adecco,Sin Data
2025-10-30,Trabajoscom,Barcelona,Todo Barcelona,Administrativo/a de Ventas para compañía Alemana,Sin Data,Sin Data,Indefinido,Jornada Indiferente,Sin Data,Page Personnel ETT,Sin Data
2025-10-30,Trabajoscom,Barcelona,Todo Barcelona,Administrativo/a Contable - Empresa Industrial,Sin Data,Sin Data,Indefinido,Jornada Indiferente,Sin Data,Page Personnel ETT,Sin Data
2025-10-30,Trabajoscom,Barcelona,Todo Barcelona,Administrativo/a Contable - Facturación y Gestión de Clientes,Sin Data,Sin Data,Indefinido,Jornada Indiferente,Sin Data,Page Personnel ETT,Sin Data
2025-10-30,Trabajoscom,Barcelona,Todo Barcelona,Comercial Automoción,Sin Data,Sin Data,Indefinido,Jornada Completa,Sin Data,Blinker España,Sin Data
2025-10-30,Trabajoscom,Baleares,Todo Baleares,Oficial 1ª en fontanería,Sin Data,Sin Data,Indefinido,Jornada Indiferente,Sin Data,Eurofirms,Sin Data
2025-10-30,Trabajoscom,Barcelona,Todo Barcelona,Project Manager - Salas Blancas,Sin Data,Sin Data,Indefinido,Jornada Indiferente,Sin Data,Page Personnel ETT,Sin Data
2025-10-30,Trabajoscom,Bizkaia,Todo Bizkaia,Recepcionista administrativo/a,Sin Data,Sin Data,Indefinido,Jornada Indiferente,Sin Data,Grupompleo,Sin Data
2025-10-30,Trabajoscom,Madrid,Todo Madrid,Tecnico de RRHH,Sin Data,Sin Data,Indefinido,Jornada Indiferente,Sin Data,Page Personnel ETT,Sin Data
2025-10-30,Trabajoscom,Madrid,Todo Madrid,Técnico/a de reparación móviles (atención al cliente),Sin Data,Sin Data,Indefinido,Jornada Indiferente,Sin Data,Page Personnel ETT,Sin Data
2025-10-30,Trabajoscom,Navarra,Tudela,OPERARIO/A SECTOR MADERA,Sin Data,Sin Data,De duracion determinada,Jornada Completa,Sin Data,Temps,Sin Data
2025-10-30,Trabajoscom,Barcelona,Barcelona,"Vigilante Seguridad (fines semana, 8:00-12:00).   Nou Barris",Sin Data,Sin Data,Indefinido,Media Jornada,Sin Data,Clece Seguridad,Sin Data
2025-10-30,Trabajoscom,Zaragoza,La Muela,MOZO/A DE ALMACÉN CON CARRETILLA,Sin Data,Sin Data,De duracion determinada,Jornada Completa,Sin Data,Temps,Sin Data
2025-10-30,Trabajoscom,Barcelona,Granollers,Personal limpieza *Granollers*,Sin Data,Sin Data,Indefinido,Jornada Completa,Sin Data,Temps,Sin Data
2025-10-30,Trabajoscom,Valencia,Sagunto/sagunt,Mozo/a pintor,Sin Data,Sin Data,De duracion determinada,Jornada Completa,Sin Data,Temps,Sin Data
2025-10-30,Trabajoscom,Madrid,Madrid,Mozo/a de almacén CON RETRÁCTIL (turno mañana),Sin Data,Sin Data,De duracion determinada,Jornada Completa,Sin Data,Temps,Sin Data
2025-10-30,Trabajoscom,Navarra,Todo Navarra,Carretillero/a - Sector Alimentación,9 € - 10 €,Sin Data,De duracion determinada,Jornada Completa,Sin Data,Grupo Adecco,Sin Data
2025-10-30,Trabajoscom,Huesca,Huesca,Conductor Reparto C,Sin Data,Sin Data,De duracion determinada,Jornada Completa,Sin Data,Grupo Adecco,Sin Data
2025-10-30,Trabajoscom,Barcelona,Todo Barcelona,Gerente / Responsable Explotación Espacio Lúdico- Cultural,Sin Data,Sin Data,Indefinido,Jornada Indiferente,Sin Data,Page Personnel ETT,Sin Data
2025-10-30,Trabajoscom,Madrid,Todo Madrid,Contable Junior (contrato de sustitución por enfermedad),Sin Data,Sin Data,Indefinido,Jornada Indiferente,Sin Data,Page Personnel ETT,Sin Data
2025-10-30,Trabajoscom,Madrid,Todo Madrid,Private Equity Analyst,Sin Data,Sin Data,Indefinido,Jornada Indiferente,Sin Data,Page Personnel ETT,Sin Data
2025-10-30,Trabajoscom,Tarragona,Reus,AUXILIAR DE VUELO - TRIPULANTE DE CABINA DE PASAJEROS,20.000 € - 30.000 €,Sin Data,De duracion determinada,Jornada Completa,Sin Data,ON AIR,Sin Data
2025-10-30,Trabajoscom,Huelva,Todo Huelva,Responsable PRL - SPP,Sin Data,Sin Data,Indefinido,Jornada Indiferente,Sin Data,Page Personnel ETT,Sin Data
2025-10-30,Trabajoscom,Barcelona,Todo Barcelona,Topógrafo polivalente ingeniería civil,Sin Data,Sin Data,Indefinido,Jornada Indiferente,Sin Data,Page Personnel ETT,Sin Data
2025-10-30,Trabajoscom,Bizkaia,Todo Bizkaia,Comercial sector industrial,Sin Data,Sin Data,Indefinido,Jornada Completa,Sin Data,Eurofirms,Sin Data
2025-10-30,Trabajoscom,Barcelona,Todo Barcelona,Comercial B2C para empresa de Programas Educativos.,Sin Data,Sin Data,Indefinido,Jornada Indiferente,Sin Data,Page Personnel ETT,Sin Data
2025-10-30,Trabajoscom,Araba,Todo Araba,Plegador/a,Sin Data,Sin Data,Indefinido,Jornada Completa,Sin Data,Eurofirms,Sin Data
2025-10-30,Trabajoscom,Barcelona,Todo Barcelona,Promotor de Ventas - Sector perfumería / Cosmética,Sin Data,Sin Data,Indefinido,Jornada Indiferente,Sin Data,Page Personnel ETT,Sin Data
2025-10-30,Trabajoscom,Madrid,Todo Madrid,Investigador/a en Procesado y Caracterización de Materiales Semiconductores (ISOM-UPM),Sin Data,Sin Data,Indefinido,Jornada Completa,Sin Data,Fundetel,Sin Data
2025-10-30,Trabajoscom,Valencia,Lliria,Cocinero/a - Centro Residencial DomusVi Jardines de Llíria,Sin Data,Sin Data,Indefinido,Media Jornada,Sin Data,DomusVi,Sin Data
2025-10-30,Trabajoscom,Alicante,Elda,Gerocultor/a - Auxiliar de enfermería Centro Residencial DomusVi Elda,Sin Data,Sin Data,Indefinido,Jornada Indiferente,Sin Data,DomusVi,Sin Data
2025-10-30,Trabajoscom,Barcelona,Monistrol De Montserrat,Personal de bufet - Montserrat,Sin Data,Sin Data,De duracion determinada,Jornada Completa,Sin Data,Iman Temporing,Sin Data
2025-10-30,Trabajoscom,Barcelona,Monistrol De Montserrat,Dependent/a  per cafeteria a Montserrat,Sin Data,Sin Data,De duracion determinada,Jornada Completa,Sin Data,Iman Temporing,Sin Data
2025-10-30,Trabajoscom,Burgos,Miranda De Ebro,MONTADOR/A CONTRATACIÓN INDEFINIDA (27.700€),Sin Data,Sin Data,Indefinido,Jornada Completa,Sin Data,Iman Temporing,Sin Data
2025-10-30,Trabajoscom,Madrid,Paracuellos De Jarama,Técnico/a Calidad Alimentaria,25.000 € - 26.000 €,Sin Data,De duracion determinada,Jornada Completa,Sin Data,Iman Temporing,Sin Data
2025-10-30,Trabajoscom,Girona,Hostalric,OPERARIO/A DE MAQUINA BONDING,Sin Data,Sin Data,Indefinido,Jornada Completa,Sin Data,Pacto,Sin Data
2025-10-30,Trabajoscom,Navarra,Marcilla,Carretillero/a,Sin Data,Sin Data,De duracion determinada,Jornada Completa,Sin Data,Iman Temporing,Sin Data
2025-10-30,Trabajoscom,Burgos,Miranda De Ebro,SOLDADOR/A CONTRATACIÓN INDEFINIDA (29.200€),Sin Data,Sin Data,Indefinido,Jornada Completa,Sin Data,Iman Temporing,Sin Data
2025-10-30,Trabajoscom,Zaragoza,Muel,Operario/a de montaje electromecánico,Sin Data,Sin Data,De duracion determinada,Jornada Completa,Sin Data,Iman Temporing,Sin Data
2025-10-30,Trabajoscom,Navarra,Tudela,ENCARGADO/A DE LÍNEA EMBOTELLADO - BODEGA,27.000 €,Sin Data,Indefinido,Jornada Completa,Sin Data,Iman Temporing,Sin Data
2025-10-30,Trabajoscom,Gipuzkoa,Todo Gipuzkoa,Montador/a Mecánico Industrial,Sin Data,Sin Data,Indefinido,Jornada Completa,Sin Data,Iman Temporing,Sin Data
2025-10-30,Trabajoscom,Madrid,Las Rozas De Madrid,Oficial de 1ª de Mantenimiento,Sin Data,Sin Data,Indefinido,Jornada Completa,Sin Data,Iman Temporing,Sin Data
2025-10-30,Trabajoscom,Alicante,Todo Alicante,Fisioterapeuta Centro Residencial DomusVi Alcoi,Sin Data,Sin Data,Indefinido,Media Jornada,Sin Data,DomusVi,Sin Data
2025-10-30,Trabajoscom,Valencia,Loriguilla,Operario/a de limpieza,Sin Data,Sin Data,De duracion determinada,Jornada Completa,Sin Data,Crit Interim España ETT,Sin Data
2025-10-30,Trabajoscom,Madrid,Humanes De Madrid,Operario/a metal,Sin Data,Sin Data,De duracion determinada,Jornada Completa,Sin Data,Iman Temporing,Sin Data
2025-10-30,Trabajoscom,Bizkaia,Zierbena,Operador/a Cargue de harinas(Bilbao),Sin Data,Sin Data,De duracion determinada,Jornada Completa,Sin Data,Crit Interim España ETT,Sin Data
2025-10-30,Trabajoscom,Sevilla,Alcala De Guadaira,MOZO ALMACEN - DOCCIA,Sin Data,Sin Data,Indefinido,Jornada Completa,Sin Data,Crit Interim España ETT,Sin Data
2025-10-30,Trabajoscom,Barcelona,Sant Boi De Llobregat,Product Data Administrator - Sant Boi,Sin Data,Sin Data,Indefinido,Jornada Completa,Sin Data,Crit Interim España ETT,Sin Data
2025-10-30,Trabajoscom,Barcelona,Torello,RESPONSABLE DE PRODUCCIÓN,Sin Data,Sin Data,Indefinido,Jornada Completa,Sin Data,Iman Temporing,Sin Data
2025-10-30,Trabajoscom,Alicante,Rafal,Arquitecto/a Tècnico/a,Sin Data,Sin Data,Indefinido,Jornada Completa,Sin Data,Iman Temporing,Sin Data
2025-10-30,Trabajoscom,Madrid,Todo Madrid,Analista de Datos Junior. Excel Avanzado,Sin Data,Sin Data,De duracion determinada,Jornada Completa,Sin Data,Iman Temporing,Sin Data
2025-10-30,Trabajoscom,Cádiz,Todo Cádiz,Ingeniero/a de obra,Sin Data,Sin Data,Indefinido,Jornada Completa,Sin Data,Malthus Darwin,Sin Data
2025-10-30,Trabajoscom,Sevilla,Tomares,Ingeniero/a de proyectos hidráulicos,Sin Data,Sin Data,Indefinido,Jornada Completa,Sin Data,Malthus Darwin,Sin Data
2025-10-30,Trabajoscom,Jaén,Todo Jaén,Ingeniero/a de Diseño de Componentes CNC,Sin Data,Sin Data,Indefinido,Jornada Completa,Sin Data,Iman Temporing,Sin Data
2025-10-30,Trabajoscom,Barcelona,Sabadell,Administrador/a de propiedades,Sin Data,Sin Data,Indefinido,Jornada Completa,Sin Data,Crit Interim España ETT,Sin Data
2025-10-30,Trabajoscom,Barcelona,Terrassa,Administrativo/a Contable,Sin Data,Sin Data,Indefinido,Jornada Completa,Sin Data,Iman Temporing,Sin Data
2025-10-30,Trabajoscom,Navarra,Puente La Reina/gares,OPERARIO/A ALMACÉN,Sin Data,Sin Data,De duracion determinada,Jornada Completa,Sin Data,Iman Temporing,Sin Data
2025-10-30,Trabajoscom,Barcelona,Todo Barcelona,OPERARIO/A CNC (SECTOR METALURGICO),Sin Data,Sin Data,De duracion determinada,Jornada Completa,Sin Data,Iman Temporing,Sin Data
2025-10-30,Trabajoscom,Burgos,Todo Burgos,Beca área de aprovisionamiento(logística),Sin Data,Sin Data,Formativo,Jornada Completa,Sin Data,Faster Empleo ETT,Sin Data
2025-10-30,Trabajoscom,Cantabria,Polanco,Conductor/a de Camión C+E + CAP,Sin Data,Sin Data,Indefinido,Jornada Completa,Sin Data,Iman Temporing,Sin Data
2025-10-30,Trabajoscom,Guadalajara,Alovera,Operarios/as de Envasado,Sin Data,Sin Data,Indefinido,Jornada Completa,Sin Data,Crit Interim España ETT,Sin Data
2025-10-30,Trabajoscom,Baleares,Capdepera,Gerocultor/a - Auxiliar de enfermería Centro Residencial DomusVi Capdepera (Baleares),Sin Data,Sin Data,Indefinido,Jornada Completa,Sin Data,DomusVi,Sin Data
2025-10-30,Trabajoscom,Alicante,Rafal,Especialista Contable,Sin Data,Sin Data,Indefinido,Jornada Completa,Sin Data,Iman Temporing,Sin Data
2025-10-30,Trabajoscom,Barcelona,Sabadell,Comercial sector energía,Sin Data,Sin Data,Indefinido,Jornada Completa,Sin Data,Iman Temporing,Sin Data
2025-10-30,Trabajoscom,Barcelona,Polinya,Preparador/a de pedidos con carnet de carretilla,Sin Data,Sin Data,De duracion determinada,Jornada Completa,Sin Data,Iman Temporing,Sin Data
2025-10-30,Trabajoscom,Castellón,La Vall D'uixo,Operario/a de Producción y Almacén sector cartón,Sin Data,Sin Data,De duracion determinada,Jornada Completa,Sin Data,Crit Interim España ETT,Sin Data
2025-10-30,Trabajoscom,Valencia,Godelleta,Administrativo/a de Marketing y ventas,Sin Data,Sin Data,De duracion determinada,Jornada Completa,Sin Data,Crit Interim España ETT,Sin Data
2025-10-30,Trabajoscom,Barcelona,Sabadell,Operario/a artes gráficas,Sin Data,Sin Data,Indefinido,Jornada Completa,Sin Data,Iman Temporing,Sin Data
2025-10-30,Trabajoscom,Valencia,Quart De Poblet,CONDUCTOR/A CARNET C+CAP,25.000 € - 26.000 €,Sin Data,Indefinido,Jornada Completa,Sin Data,Iman Temporing,Sin Data
2025-10-30,Trabajoscom,Barcelona,Sant Joan Despi,Maquinista Junior de Producción - Sector Farma,27.973 €,Sin Data,De duracion determinada,Jornada Completa,Sin Data,Iman Temporing,Sin Data
2025-10-30,Trabajoscom,Barcelona,Todo Barcelona,CUSTOMER SERVICE CON CATALÁN E INGLÉS,18.000 € - 21.000 €,Sin Data,Indefinido,Jornada Completa,Sin Data,Iman Temporing,Sin Data
2025-10-30,Trabajoscom,Barcelona,Sant Fruitos De Bages,Manipulador/a textil,Sin Data,Sin Data,Indefinido,Jornada Completa,Sin Data,Iman Temporing,Sin Data
2025-10-30,Trabajoscom,Barcelona,Sabadell,Consultor/a RRHH Sabadell,Sin Data,Sin Data,Indefinido,Jornada Completa,Sin Data,Iman Temporing,Sin Data
2025-10-30,Trabajoscom,S.C. Tenerife,Santa Cruz De Tenerife,Support Analyst First Line Agent (with ENGLISH),Sin Data,Sin Data,De duracion determinada,Jornada Completa,Sin Data,Crit Interim España ETT,Sin Data
2025-10-30,Trabajoscom,Barcelona,Todo Barcelona,CHOFER REPARTIDOR/A DE PAQUETERIA,Sin Data,Sin Data,De duracion determinada,Jornada Indiferente,Sin Data,Iman Temporing,Sin Data
2025-10-30,Trabajoscom,Madrid,Alcobendas,Responsable Informático/Manager IT,Sin Data,Sin Data,Indefinido,Jornada Completa,Sin Data,Crit Interim España ETT,Sin Data
2025-10-30,Trabajoscom,Málaga,Todo Málaga,Técnico/a de Reparación sector Electrónica,Sin Data,Sin Data,De duracion determinada,Jornada Completa,Sin Data,Iman Temporing,Sin Data
2025-10-30,Trabajoscom,Madrid,Todo Madrid,Conductor/a C+E con CAP y tacógrafo,Sin Data,Sin Data,De duracion determinada,Jornada Completa,Sin Data,Iman Temporing,Sin Data
2025-10-30,Trabajoscom,Valencia,Paterna,CONTROL DE ACCESOS,Sin Data,Sin Data,Indefinido,Jornada Indiferente,Sin Data,Diswork,Sin Data
2025-10-30,Trabajoscom,Jaén,Jaen,Personal Limpieza Jaén,Sin Data,Sin Data,De duracion determinada,Jornada Completa,Sin Data,Crit Interim España ETT,Sin Data
2025-10-30,Trabajoscom,Tarragona,Els Garidells,Mozo/a de almacén con trabajo en altura,22.000 € - 22.500 €,Sin Data,De duracion determinada,Jornada Completa,Sin Data,Iman Temporing,Sin Data
2025-10-30,Trabajoscom,Granada,Todo Granada,Repartidor/a 125 loja,Sin Data,Sin Data,De duracion determinada,Jornada Completa,Sin Data,Faster Empleo ETT,Sin Data
2025-10-30,Trabajoscom,Girona,Girona,Jefe/a de Obra - Girona,35.000 € - 55.000 €,Sin Data,Indefinido,Jornada Completa,Sin Data,Iman Global Consulting,Sin Data
2025-10-30,Trabajoscom,Málaga,Antequera,Operario de planta QUÍMICA-  ANTEQUERA- H/M,Sin Data,Sin Data,De duracion determinada,Jornada Completa,Sin Data,Crit Interim España ETT,Sin Data
2025-10-30,Trabajoscom,Barcelona,Manresa,Recepcionista con Inglés en Manresa,Sin Data,Sin Data,Indefinido,Jornada Completa,Sin Data,Iman Corporation,Sin Data
2025-10-30,Trabajoscom,Barcelona,Manresa,Recepcionista con Inglés en Manresa,Sin Data,Sin Data,Indefinido,Jornada Completa,Sin Data,Iman Corporation,Sin Data
2025-10-30,Trabajoscom,Barcelona,Monistrol De Montserrat,Netejador/a restaurant Montserrat,Sin Data,Sin Data,De duracion determinada,Jornada Completa,Sin Data,Iman Temporing,Sin Data
2025-10-30,Trabajoscom,Guadalajara,Alovera,Administrativo/a de logística,Sin Data,Sin Data,De duracion determinada,Jornada Completa,Sin Data,Crit Interim España ETT,Sin Data
2025-10-30,Trabajoscom,Madrid,San Fernando De Henares,MOZOS/AS DE ALMACEN,Sin Data,Sin Data,Indefinido,Jornada Completa,Sin Data,Iman Temporing,Sin Data
2025-10-30,Trabajoscom,Palencia,Palencia,Mecánico/a de automóviles,Sin Data,Sin Data,De duracion determinada,Jornada Completa,Sin Data,Iman Temporing,Sin Data
2025-10-30,Trabajoscom,Bizkaia,Bilbao,Repartidor/a Bilbao,Sin Data,Sin Data,De duracion determinada,Jornada Completa,Sin Data,Iman Temporing,Sin Data
2025-10-30,Trabajoscom,Burgos,Miranda De Ebro,Eléctrico/a contratación indefinida,Sin Data,Sin Data,Indefinido,Jornada Completa,Sin Data,Iman Temporing,Sin Data
2025-10-30,Trabajoscom,Barcelona,Todo Barcelona,Agente de encuestas,Sin Data,Sin Data,De duracion determinada,Jornada Completa,Sin Data,Crit Interim España ETT,Sin Data
2025-10-30,Trabajoscom,Alicante,Santa Pola,Médico/a Centro Residencial DomusVi Santa Pola,Sin Data,Sin Data,Indefinido,Jornada Completa,Sin Data,DomusVi,Sin Data
2025-10-30,Trabajoscom,Madrid,Todo Madrid,Operario/a producción,Sin Data,Sin Data,De duracion determinada,Jornada Completa,Sin Data,Iman Temporing,Sin Data
2025-10-30,Trabajoscom,S.C. Tenerife,Arona,Mozo/a conductor/a-lavacoches (Rent a car)-TNF sur,16.576 € - 16.756 €,Sin Data,De duracion determinada,Jornada Completa,Sin Data,Citius Solutions,Sin Data
2025-10-30,Trabajoscom,Zaragoza,Todo Zaragoza,Operario/a de Almacén sector deportivo,Sin Data,Sin Data,De duracion determinada,Jornada Completa,Sin Data,Crit Interim España ETT,Sin Data
2025-10-30,Trabajoscom,Zaragoza,Todo Zaragoza,Conductor/a de Trailer,Sin Data,Sin Data,Indefinido,Jornada Completa,Sin Data,Iman Temporing,Sin Data
2025-10-30,Trabajoscom,Barcelona,Terrassa,Vigilante de Seguridad en ( lunes  a viernes  ),Sin Data,Sin Data,Indefinido,Jornada Completa,Sin Data,Iman Seguridad,Sin Data
2025-10-30,Trabajoscom,Valencia,Lliria,Mecánico Industrial,25.000 € - 30.000 €,Sin Data,Indefinido,Jornada Completa,Sin Data,Iman Temporing,Sin Data
2025-10-30,Trabajoscom,Bizkaia,Bilbao,Camarero/a  Bilbao centro,Sin Data,Sin Data,De duracion determinada,Jornada Completa,Sin Data,Crit Interim España ETT,Sin Data
2025-10-30,Trabajoscom,Madrid,Todo Madrid,Comercial puerta fría - TPV,Sin Data,Sin Data,De duracion determinada,Media Jornada,Sin Data,Crit Interim España ETT,Sin Data
2025-10-30,Trabajoscom,Madrid,Todo Madrid,Mozo/a de almacén con carretilla,Sin Data,Sin Data,De duracion determinada,Jornada Completa,Sin Data,Iman Temporing,Sin Data
2025-10-30,Trabajoscom,Barcelona,Terrassa,Administrativo/a de compras jornada parcial 5h,Sin Data,Sin Data,De duracion determinada,Media Jornada,Sin Data,Iman Temporing,Sin Data
2025-10-30,Trabajoscom,Madrid,Todo Madrid,Técnico/a contable,Sin Data,Sin Data,De duracion determinada,Jornada Completa,Sin Data,Crit Interim España ETT,Sin Data
2025-10-30,Trabajoscom,Palencia,Villamuriel De Cerrato,CAJERO/A REPONEDOR/A SUPERMERCADO,Sin Data,Sin Data,De duracion determinada,Media Jornada,Sin Data,Iman Temporing,Sin Data
2025-10-30,Trabajoscom,Murcia,Molina De Segura,Administrativo/a de -Departamento de Calidad-,Sin Data,Sin Data,De duracion determinada,Jornada Completa,Sin Data,Faster Empleo ETT,Sin Data
2025-10-30,Trabajoscom,Lleida,Lleida,COCINERO/A DE PARRILLA,Sin Data,Sin Data,Indefinido,Jornada Completa,Sin Data,Iman Temporing,Sin Data
2025-10-30,Trabajoscom,Barcelona,Granollers,Preparación de pedidos - Vallès Oriental,Sin Data,Sin Data,Indefinido,Jornada Indiferente,Sin Data,Pacto,Sin Data
2025-10-30,Trabajoscom,Valencia,Lliria,Cocinero/a - Centro Residencial DomusVi Jardines de Llíria,Sin Data,Sin Data,Indefinido,Media Jornada,Sin Data,DomusVi,Sin Data
2025-10-30,Trabajoscom,Alicante,Elda,Gerocultor/a - Auxiliar de enfermería Centro Residencial DomusVi Elda,Sin Data,Sin Data,Indefinido,Jornada Indiferente,Sin Data,DomusVi,Sin Data
2025-10-30,Trabajoscom,Barcelona,Barcelona,Teleoperador/a Sector Asegurador,1.000 € - 1.200 €,Sin Data,Indefinido,Jornada Intensiva,Sin Data,Accepta Servicios Integrales,Sin Data
2025-10-30,Trabajoscom,Cádiz,Jerez De La Frontera,PERSONAL DE TIENDA: MGI JEREZ- Campaña de Navidad,Sin Data,Sin Data,De duracion determinada,Jornada Indiferente,Sin Data,Tiendas MGI,Sin Data
2025-10-30,Trabajoscom,Almería,Vicar,PERSONAL DE TIENDA: MGI VICAR - Campaña de Navidad,Sin Data,Sin Data,De duracion determinada,Jornada Indiferente,Sin Data,Tiendas MGI,Sin Data
2025-10-30,Trabajoscom,Málaga,Estepona,PERSONAL DE TIENDA: MGI ESTEPONA- Campaña de Navidad,Sin Data,Sin Data,De duracion determinada,Jornada Indiferente,Sin Data,Tiendas MGI,Sin Data
2025-10-30,Trabajoscom,Córdoba,Cordoba,PERSONAL DE TIENDA: MGI CORDOBA - Campaña de Navidad,Sin Data,Sin Data,De duracion determinada,Jornada Indiferente,Sin Data,Tiendas MGI,Sin Data
2025-10-30,Trabajoscom,Ceuta,Ceuta,PERSONAL DE TIENDA: MGI CEUTA - Campaña de Navidad,Sin Data,Sin Data,De duracion determinada,Jornada Indiferente,Sin Data,Tiendas MGI,Sin Data
2025-10-30,Trabajoscom,Alicante,Todo Alicante,ASESOR COMERCIAL VODAFONE/LOWI,1.000 € - 6.000 €,Sin Data,Autonomo,Freelance,Sin Data,Miqsam Media,Sin Data
2025-10-30,Trabajoscom,Cádiz,Algeciras,PERSONAL DE TIENDA: MGI ALGECIRAS - Campaña de Navidad,Sin Data,Sin Data,De duracion determinada,Jornada Indiferente,Sin Data,Tiendas MGI,Sin Data
2025-10-30,Trabajoscom,Melilla,Melilla,PERSONAL DE TIENDA: MGI MELILLA- Campaña de Navidad,Sin Data,Sin Data,De duracion determinada,Jornada Indiferente,Sin Data,Tiendas MGI,Sin Data
2025-10-30,Trabajoscom,Granada,Motril,PERSONAL DE TIENDA: MGI MOTRIL- Campaña de Navidad,Sin Data,Sin Data,De duracion determinada,Jornada Indiferente,Sin Data,Tiendas MGI,Sin Data
2025-10-30,Trabajoscom,Badajoz,Badajoz,PERSONAL DE TIENDA: MGI BADAJOZ- Campaña de Navidad,Sin Data,Sin Data,De duracion determinada,Jornada Indiferente,Sin Data,Tiendas MGI,Sin Data
2025-10-30,Trabajoscom,Valencia,Gandia,PERSONAL DE TIENDA: MGI GANDIA - Campaña de Navidad,Sin Data,Sin Data,De duracion determinada,Jornada Indiferente,Sin Data,Tiendas MGI,Sin Data
2025-10-30,Trabajoscom,Madrid,Todo Madrid,"Customer Service Financial 💰- German C1+ & English C1 🎧 - 23,5k - HYBRID-Madrid",Sin Data,Sin Data,Indefinido,Jornada Completa,Sin Data,Foundever Spain,Sin Data
2025-10-30,Trabajoscom,Alicante,Elx/elche,PERSONAL DE TIENDA: MGI ELCHE - Campaña de Navidad,Sin Data,Sin Data,De duracion determinada,Jornada Indiferente,Sin Data,Tiendas MGI,Sin Data
2025-10-30,Trabajoscom,Alicante,Alicante,PERSONAL DE TIENDA: MGI ALICANTE- Campaña de Navidad,Sin Data,Sin Data,De duracion determinada,Jornada Indiferente,Sin Data,Tiendas MGI,Sin Data
2025-10-30,Trabajoscom,Palencia,Palencia,PERSONAL DE TIENDA: MGI PALENCIA- Campaña de Navidad,Sin Data,Sin Data,De duracion determinada,Jornada Indiferente,Sin Data,Tiendas MGI,Sin Data
2025-10-30,Trabajoscom,Madrid,Todo Madrid,Comercial - Empresa de servicios de transporte privado,Sin Data,Sin Data,Indefinido,Jornada Indiferente,Sin Data,Page Personnel ETT,Sin Data
2025-10-30,Trabajoscom,Madrid,Todo Madrid,Brand Manager - Empresa juguetera,Sin Data,Sin Data,Indefinido,Jornada Indiferente,Sin Data,Page Personnel ETT,Sin Data
2025-10-30,Trabajoscom,Valencia,Todo Valencia,Director/a Técnico/a de Residencia de Mayores,Sin Data,Sin Data,Indefinido,Jornada Completa,Sin Data,EY,Sin Data
2025-10-30,Trabajoscom,Madrid,Todo Madrid,Responsable de tesorería,Sin Data,Sin Data,Indefinido,Jornada Indiferente,Sin Data,Page Personnel ETT,Sin Data
2025-10-30,Trabajoscom,Madrid,Todo Madrid,Técnico de Nóminas con inglés | Proyecto internacional,Sin Data,Sin Data,Indefinido,Jornada Indiferente,Sin Data,Page Personnel ETT,Sin Data
2025-10-30,Trabajoscom,Sevilla,Todo Sevilla,Director de Instalaciones Eléctrica,Sin Data,Sin Data,Indefinido,Jornada Indiferente,Sin Data,Page Personnel ETT,Sin Data
2025-10-30,Trabajoscom,Rioja,Todo Rioja,Tractorista para bodega en Rioja Alavesa,Sin Data,Sin Data,Indefinido,Jornada Completa,Sin Data,Grupompleo,Sin Data
2025-10-30,Trabajoscom,Valencia,Todo Valencia,Adjunto/a a Planificación,Sin Data,Sin Data,Indefinido,Jornada Indiferente,Sin Data,Page Personnel ETT,Sin Data
2025-10-30,Trabajoscom,Valencia,Todo Valencia,Técnico/a de proyectos de estructuras - Construcción,Sin Data,Sin Data,Indefinido,Jornada Indiferente,Sin Data,Page Personnel ETT,Sin Data
2025-10-30,Trabajoscom,Bizkaia,Todo Bizkaia,Administrativa/a generalista,Sin Data,Sin Data,Indefinido,Jornada Completa,Sin Data,Eurofirms,Sin Data
2025-10-30,Trabajoscom,Alicante,Todo Alicante,Encargado/a de obra - Edificación,Sin Data,Sin Data,Indefinido,Jornada Indiferente,Sin Data,Page Personnel ETT,Sin Data
2025-10-30,Trabajoscom,Madrid,Todo Madrid,Conductor/a con Carnet C +ADR,Sin Data,Sin Data,Indefinido,Jornada Completa,Sin Data,EY,Sin Data
2025-10-30,Trabajoscom,Barcelona,Todo Barcelona,Event Coordinator - Gestión logistica (Temporal),Sin Data,Sin Data,Indefinido,Jornada Indiferente,Sin Data,Page Personnel ETT,Sin Data
2025-10-30,Trabajoscom,Zaragoza,Todo Zaragoza,"Pintor/a Airless para pintura de estructuras, depositos.",Sin Data,Sin Data,Indefinido,Jornada Completa,Sin Data,EY,Sin Data
2025-10-30,Trabajoscom,Barcelona,Todo Barcelona,Accounts Payable Specialist,Sin Data,Sin Data,Indefinido,Jornada Indiferente,Sin Data,Page Personnel ETT,Sin Data
2025-10-30,Trabajoscom,Barcelona,Todo Barcelona,Operario de producción (H/M/X) - Turnos rotativos,Sin Data,Sin Data,Indefinido,Jornada Indiferente,Sin Data,Manpower Trabajo Temporal,Sin Data
2025-10-30,Trabajoscom,Barcelona,Todo Barcelona,Jefe de Ventas Alquiler y Renting de Maquinaria Elevadora,Sin Data,Sin Data,Indefinido,Jornada Indiferente,Sin Data,Page Personnel ETT,Sin Data
2025-10-30,Trabajoscom,Asturias,Todo Asturias,Operario Especialista de Producción (H/M/X) con Grado Medio y/o Superior rama industrial,Sin Data,Sin Data,Indefinido,Jornada Indiferente,Sin Data,Manpower Trabajo Temporal,Sin Data
2025-10-30,Trabajoscom,Lleida,Todo Lleida,OPERARIO DE MONTAJE (H/M/X),Sin Data,Sin Data,Indefinido,Jornada Indiferente,Sin Data,Manpower Trabajo Temporal,Sin Data
2025-10-30,Trabajoscom,Palmas,Todo Palmas,Limpiador/a Aeropuerto,Sin Data,Sin Data,Indefinido,Media Jornada,Sin Data,EY,Sin Data
2025-10-30,Trabajoscom,Valladolid,Valladolid,PERSONAL DE TIENDA: MGI VALLADOLID- Campaña de Navidad,Sin Data,Sin Data,De duracion determinada,Jornada Indiferente,Sin Data,Tiendas MGI,Sin Data
2025-10-30,Trabajoscom,Madrid,Arganda Del Rey,Preparador Programador de Tornos CNC (3825),25.000 € - 35.000 €,Sin Data,Indefinido,Jornada Completa,Sin Data,Human Simbio Consulting,Sin Data
2025-10-30,Trabajoscom,Madrid,Ajalvir,Diseñador y Montador de Cuadros Eléctricos con EPLAN (9025),22.500 € - 26.000 €,Sin Data,Indefinido,Jornada Completa,Sin Data,Human Simbio Consulting,Sin Data
2025-10-30,Trabajoscom,Alicante,Catral,MONTADOR / SOLDADOR,1.600 € - 1.750 €,Sin Data,Indefinido,Jornada Intensiva,Sin Data,Them Central Lab,Sin Data
2025-10-30,Trabajoscom,Sevilla,Todo Sevilla,Técnico/a de Desarrollo de Negocio – Sector Industrial,Sin Data,Sin Data,Autonomo,Jornada Indiferente,Sin Data,Empresa de Selección,Sin Data
2025-10-30,Trabajoscom,Madrid,Todo Madrid,Técnico/a de Desarrollo de Negocio – Sector Industrial,Sin Data,Sin Data,Autonomo,Jornada Indiferente,Sin Data,Empresa de Selección,Sin Data
2025-10-30,Trabajoscom,Barcelona,Vilanova I La Geltru,Personal de limpieza.  Colegio Vilanova i la Geltrú,Sin Data,Sin Data,De duracion determinada,Media Jornada,Sin Data,Limpiezas Deyse,Sin Data
2025-10-30,Trabajoscom,Gipuzkoa,Todo Gipuzkoa,INGENIERO/A DE FABRICACION,Sin Data,Sin Data,Indefinido,Jornada Completa,Sin Data,AdegiLan,Sin Data
2025-10-30,Trabajoscom,Gipuzkoa,Todo Gipuzkoa,RESPONSABLE DE DISEÑO Y COMUNICACIÓN EXTERNA,Sin Data,Sin Data,Indefinido,Jornada Completa,Sin Data,AdegiLan,Sin Data
2025-10-30,Trabajoscom,Gipuzkoa,Todo Gipuzkoa,COMERCIAL,18 € - 30 €,Sin Data,Indefinido,Jornada Completa,Sin Data,AdegiLan,Sin Data
2025-10-30,Trabajoscom,Gipuzkoa,Todo Gipuzkoa,Montador de ventanas y cerramientos en Aluminio y Pvc,18 € - 30 €,Sin Data,De duracion determinada,Jornada Completa,Sin Data,AdegiLan,Sin Data
2025-10-30,Trabajoscom,Gipuzkoa,Todo Gipuzkoa,Mantenimiento Media jornada,Sin Data,Sin Data,Indefinido,Jornada Indiferente,Sin Data,AdegiLan,Sin Data
2025-10-30,Trabajoscom,Gipuzkoa,Todo Gipuzkoa,Gestor-a de Propuestas y Justificaciones,Sin Data,Sin Data,Indefinido,Jornada Completa,Sin Data,AdegiLan,Sin Data
2025-10-30,Trabajoscom,Castellón,Almenara,COMERCIAL INTERNO CON FRANCÉS AVANZADO,Sin Data,Sin Data,Indefinido,Jornada Intensiva,Sin Data,Esport Reclam,Sin Data
2025-10-30,Trabajoscom,Valencia,Todo Valencia,Panadero,1.400 € - 1.500 €,Sin Data,Relevo,Jornada Completa,Sin Data,Horno Pasteleria Martínez ,Sin Data
2025-10-30,Trabajoscom,Madrid,Todo Madrid,Operario/a de almacén,Sin Data,Sin Data,Discapacidad,Jornada Completa,Sin Data,Madintegra 21 CEE,Sin Data
2025-10-30,Trabajoscom,Málaga,Antequera,PERSONAL DE TIENDA: MGI ANTEQUERA - Campaña de Navidad,Sin Data,Sin Data,De duracion determinada,Jornada Indiferente,Sin Data,Tiendas MGI,Sin Data
2025-10-30,Trabajoscom,Gipuzkoa,Todo Gipuzkoa,Gida hezitzailea - San Telmo Museoa,Sin Data,Sin Data,Indefinido,Jornada Indiferente,Sin Data,AdegiLan,Sin Data
2025-10-30,Trabajoscom,Gipuzkoa,Todo Gipuzkoa,AYUDANTE DE MANTENIMIENTO,Sin Data,Sin Data,De duracion determinada,Jornada Indiferente,Sin Data,AdegiLan,Sin Data
2025-10-30,Trabajoscom,Gipuzkoa,Todo Gipuzkoa,Director@ Administración y RRHH,42 € - 54 €,Sin Data,Indefinido,Jornada Completa,Sin Data,AdegiLan,Sin Data
2025-10-30,Trabajoscom,Gipuzkoa,Todo Gipuzkoa,Director de Diseño de Interiores,Sin Data,Sin Data,Indefinido,Jornada Completa,Sin Data,AdegiLan,Sin Data
2025-10-30,Trabajoscom,Gipuzkoa,Todo Gipuzkoa,Desarrollador/a en C# con conocimientos en gráficos y sistemas,Sin Data,Sin Data,Indefinido,Jornada Completa,Sin Data,AdegiLan,Sin Data
2025-10-30,Trabajoscom,Valencia,Paterna,MOZO/A DE ALMACEN,Sin Data,Sin Data,Indefinido,Jornada Completa,Sin Data,Plaza Forwarding,Sin Data
2025-10-30,Trabajoscom,Girona,Girona,"2 Fisioterapeutas en zona Friburgo, Baden-Baden y Karlsruhe, Alemania",Sin Data,Sin Data,Indefinido,Jornada Completa,Sin Data,TTA Personal GmbH,Sin Data
2025-10-30,Trabajoscom,Huelva,Huelva,"2 Fisioterapeutas en zona Friburgo, Baden-Baden y Karlsruhe, Alemania",Sin Data,Sin Data,Indefinido,Jornada Completa,Sin Data,TTA Personal GmbH,Sin Data
2025-10-30,Trabajoscom,Jaén,Jaen,"2 Fisioterapeutas en zona Friburgo, Baden-Baden y Karlsruhe, Alemania",Sin Data,Sin Data,Indefinido,Jornada Completa,Sin Data,TTA Personal GmbH,Sin Data
2025-10-30,Trabajoscom,Almería,Almeria,"2 Fisioterapeutas en zona Friburgo, Baden-Baden y Karlsruhe, Alemania",Sin Data,Sin Data,Indefinido,Jornada Completa,Sin Data,TTA Personal GmbH,Sin Data
2025-10-30,Trabajoscom,Huesca,Huesca,"2 Fisioterapeutas en zona Friburgo, Baden-Baden y Karlsruhe, Alemania",Sin Data,Sin Data,Indefinido,Jornada Completa,Sin Data,TTA Personal GmbH,Sin Data
2025-10-30,Trabajoscom,Palmas,Todo Palmas,"2 Fisioterapeutas en zona Friburgo, Baden-Baden y Karlsruhe, Alemania",Sin Data,Sin Data,Indefinido,Jornada Completa,Sin Data,TTA Personal GmbH,Sin Data
2025-10-30,Trabajoscom,Lugo,Lugo,"2 Fisioterapeutas en zona Friburgo, Baden-Baden y Karlsruhe, Alemania",Sin Data,Sin Data,Indefinido,Jornada Completa,Sin Data,TTA Personal GmbH,Sin Data
2025-10-30,Trabajoscom,Palencia,Palencia,"2 Fisioterapeutas en zona Friburgo, Baden-Baden y Karlsruhe, Alemania",Sin Data,Sin Data,Indefinido,Jornada Completa,Sin Data,TTA Personal GmbH,Sin Data
2025-10-30,Trabajoscom,Araba,Todo Araba,"2 Fisioterapeutas en zona Friburgo, Baden-Baden y Karlsruhe, Alemania",Sin Data,Sin Data,Indefinido,Jornada Completa,Sin Data,TTA Personal GmbH,Sin Data
2025-10-30,Trabajoscom,Tenerife,Todo Tenerife,"2 Fisioterapeutas en zona Friburgo, Baden-Baden y Karlsruhe, Alemania",Sin Data,Sin Data,Indefinido,Jornada Completa,Sin Data,TTA Personal GmbH,Sin Data
2025-10-30,Trabajoscom,Castellón,Todo Castellón,"2 Fisioterapeutas en zona Friburgo, Baden-Baden y Karlsruhe, Alemania",Sin Data,Sin Data,Indefinido,Jornada Completa,Sin Data,TTA Personal GmbH,Sin Data
2025-10-30,Trabajoscom,A Coruña,A Coruña,"2 Fisioterapeutas en zona Friburgo, Baden-Baden y Karlsruhe, Alemania",Sin Data,Sin Data,Indefinido,Jornada Completa,Sin Data,TTA Personal GmbH,Sin Data
2025-10-30,Trabajoscom,Albacete,Albacete,"2 Fisioterapeutas en zona Friburgo, Baden-Baden y Karlsruhe, Alemania",Sin Data,Sin Data,Indefinido,Jornada Completa,Sin Data,TTA Personal GmbH,Sin Data
2025-10-30,Trabajoscom,Cantabria,Todo Cantabria,"2 Fisioterapeutas en zona Friburgo, Baden-Baden y Karlsruhe, Alemania",Sin Data,Sin Data,Indefinido,Jornada Completa,Sin Data,TTA Personal GmbH,Sin Data
2025-10-30,Trabajoscom,Alicante,Alicante,"2 Fisioterapeutas en zona Friburgo, Baden-Baden y Karlsruhe, Alemania",Sin Data,Sin Data,Indefinido,Jornada Completa,Sin Data,TTA Personal GmbH,Sin Data
2025-10-30,Trabajoscom,Valladolid,Todo Valladolid,"2 Fisioterapeutas en zona Friburgo, Baden-Baden y Karlsruhe, Alemania",Sin Data,Sin Data,Indefinido,Jornada Completa,Sin Data,TTA Personal GmbH,Sin Data
2025-10-30,Trabajoscom,Zaragoza,Todo Zaragoza,"2 Fisioterapeutas en zona Friburgo, Baden-Baden y Karlsruhe, Alemania",Sin Data,Sin Data,Indefinido,Jornada Completa,Sin Data,TTA Personal GmbH,Sin Data
2025-10-30,Trabajoscom,Teruel,Todo Teruel,"2 Fisioterapeutas en zona Friburgo, Baden-Baden y Karlsruhe, Alemania",Sin Data,Sin Data,Indefinido,Jornada Completa,Sin Data,TTA Personal GmbH,Sin Data
2025-10-30,Trabajoscom,Barcelona,Todo Barcelona,"2 Fisioterapeutas en zona Friburgo, Baden-Baden y Karlsruhe, Alemania",Sin Data,Sin Data,Indefinido,Jornada Completa,Sin Data,TTA Personal GmbH,Sin Data
2025-10-30,Trabajoscom, Valencia, Valencia,¡Oportunidad de Empleo en L´horta Nord! Campaña Cítrico,1.250 € - 2.100 €,Sin Data,A tiempo parcial,Jornada Completa,Sin Data,Grupo Adecco,Sin Data
2025-10-30,Trabajoscom,Madrid,Madrid,OPERARIOS/AS DE RETOEXCAVADORA - VILLA DE VALLECAS,Sin Data,Sin Data,Indefinido,Jornada Completa,Sin Data,Temps,Sin Data
2025-10-30,Trabajoscom, Valencia, Valencia,Personal de báscula para campaña de cítricos zona L’horta Nord,9 € - 11 €,Sin Data,De duracion determinada,Jornada Completa,Sin Data,Grupo Adecco,Sin Data
2025-10-30,Trabajoscom,Barcelona,Todo Barcelona,"Game Presenter with English (with no previous experience) - Sofia, Bulgaria",Sin Data,Sin Data,Indefinido,Jornada Completa,Sin Data,Arrise,Sin Data
2025-10-30,Trabajoscom,Madrid,Madrid,Asesor/a Comercial (Fintech) | Impulsa el éxito de las PYMES en Madrid,1.600 € - 2.000 €,Sin Data,Indefinido,Jornada Completa,Sin Data,myPOS,Sin Data
2025-10-30,Trabajoscom,Palmas,Todo Palmas,Ingeniero Mejora Procesos y Operaciones,Sin Data,Sin Data,Indefinido,Jornada Indiferente,Sin Data,Page Personnel ETT,Sin Data
2025-10-30,Trabajoscom,Valencia,Todo Valencia,Jefe/a de Producción - Edificación Residencial,Sin Data,Sin Data,Indefinido,Jornada Indiferente,Sin Data,Page Personnel ETT,Sin Data
2025-10-30,Trabajoscom,Madrid,Madrid,TELEOPERADOR/A DE RETENCIÓN,Sin Data,Sin Data,De duracion determinada,Media Jornada,Sin Data,Temps,Sin Data
2025-10-30,Trabajoscom,Barcelona,Esparreguera,Mecánico vehículos pesados y ligeros - Oficial de 1ª,24.000 € - 30.000 €,Sin Data,Indefinido,Jornada Completa,Sin Data,Reparaciones Speed Riso,Sin Data
2025-10-30,Trabajoscom,Barcelona,Vilanova I La Geltru,OPERARIA/O DE LIMPIEZA EN VILANOVA I LA GELTRÚ - 12 HORAS SEMANAS .  FIJO,Sin Data,Sin Data,De duracion determinada,Jornada Indiferente,Sin Data,Sernet Servicios Integrales,Sin Data
2025-10-30,Trabajoscom,Valencia,Todo Valencia,Jefe de producción E. Residencial/Industrial,Sin Data,Sin Data,Indefinido,Jornada Indiferente,Sin Data,Page Personnel ETT,Sin Data
2025-10-30,Trabajoscom,Cádiz,Todo Cádiz,Personal Assistant - Campo de Gibraltar (H/M/D),Sin Data,Sin Data,Indefinido,Jornada Indiferente,Sin Data,Page Personnel ETT,Sin Data
2025-10-30,Trabajoscom,Valladolid,Todo Valladolid,Responsable de línea,Sin Data,Sin Data,Indefinido,Jornada Completa,Sin Data,Eurofirms,Sin Data
2025-10-30,Trabajoscom,Sevilla,Todo Sevilla,Teleoperador/a ventas con experiencia 🤝 - Sevilla (Zona Nervión) - Tardes,1.058 € - 1.400 €,Sin Data,De duracion determinada,Media Jornada,Sin Data,Foundever Spain,Sin Data
2025-10-30,Trabajoscom,Barcelona,Todo Barcelona,Tecnico SAT de Aplicación de Pintura,Sin Data,Sin Data,Indefinido,Jornada Indiferente,Sin Data,Page Personnel ETT,Sin Data
2025-10-30,Trabajoscom,Castellón,Sant Jordi/san Jorge,SERVICIO DE LIMPIEZA Y PLANCHA SANT JORDI (CASTELLON DE LA PLANA),Sin Data,Sin Data,De duracion determinada,Trabajo Por Horas,Sin Data,Trigo y Martin Asociados,Sin Data
2025-10-30,Trabajoscom,Barcelona,Todo Barcelona,HRBP - Sector Consultoría (H/M),Sin Data,Sin Data,Indefinido,Jornada Indiferente,Sin Data,Page Personnel ETT,Sin Data
2025-10-30,Trabajoscom,Madrid,Todo Madrid,Oferta de empleo: Técnico de Desarrollo de Negocio Industrial,Sin Data,Sin Data,Autonomo,Jornada Indiferente,Sin Data,Mecánicas Bolea,Sin Data
2025-10-30,Trabajoscom,Barcelona,Todo Barcelona,Ingeniero de Diseño Mecánico Técnico,Sin Data,Sin Data,Indefinido,Jornada Indiferente,Sin Data,Page Personnel ETT,Sin Data
2025-10-30,Trabajoscom,Madrid,Leganes,Cocinero/a - Centro Residencial DomusVi Leganés,Sin Data,Sin Data,De duracion determinada,Jornada Completa,Sin Data,DomusVi,Sin Data
2025-10-30,Trabajoscom,Alicante,Elda,Enfermero/a - DUE Centro Residencial DomusVi Elda,Sin Data,Sin Data,Indefinido,Jornada Indiferente,Sin Data,DomusVi,Sin Data
2025-10-30,Trabajoscom,Jaén,Alcala La Real,Técnico/a mantenimiento en maquinaria industrial,Sin Data,Sin Data,Indefinido,Jornada Completa,Sin Data,Crit Interim España ETT,Sin Data
2025-10-30,Trabajoscom,Barcelona,Sant Feliu De Llobregat,Contable- Sant Feliu de Llobregat,Sin Data,Sin Data,Indefinido,Jornada Completa,Sin Data,Crit Interim España ETT,Sin Data
2025-10-30,Trabajoscom,Ávila,Avila,Técnico/a de Mantenimiento (Avila),Sin Data,Sin Data,Indefinido,Jornada Completa,Sin Data,Crit Interim España ETT,Sin Data
2025-10-30,Trabajoscom,Barcelona,Martorell,Operario/a Mantenimiento-Martorell,Sin Data,Sin Data,De duracion determinada,Jornada Completa,Sin Data,Crit Interim España ETT,Sin Data
2025-10-30,Trabajoscom,Murcia,Murcia,Operario de Etiquetado en Beniajan (H/M),Sin Data,Sin Data,De duracion determinada,Jornada Completa,Sin Data,Crit Interim España ETT,Sin Data
2025-10-30,Trabajoscom,Zaragoza,Todo Zaragoza,Electrónico/Mecatrónico Junior Sin experiencia,Sin Data,Sin Data,Indefinido,Jornada Completa,Sin Data,Iman Temporing,Sin Data
2025-10-30,Trabajoscom,Tarragona,Constanti,Operario/a Picking,20.000 € - 22.000 €,Sin Data,De duracion determinada,Jornada Completa,Sin Data,Iman Temporing,Sin Data
2025-10-30,Trabajoscom,Burgos,Miranda De Ebro,SOLDADOR/A CONTRATACIÓN INDEFINIDA (29.200€),Sin Data,Sin Data,Indefinido,Jornada Completa,Sin Data,Iman Temporing,Sin Data
2025-10-30,Trabajoscom,S.C. Tenerife,Arico,Operador/a de Planta de Tratamiento de Aguas,Sin Data,Sin Data,De duracion determinada,Jornada Completa,Sin Data,Crit Interim España ETT,Sin Data
2025-10-30,Trabajoscom,Barcelona,Todo Barcelona,Frigorista,Sin Data,Sin Data,Indefinido,Jornada Completa,Sin Data,Crit Interim España ETT,Sin Data
2025-10-30,Trabajoscom,Murcia,Alhama De Murcia,Operario/a preparador de pedidos y transpaletistas,Sin Data,Sin Data,De duracion determinada,Jornada Completa,Sin Data,Iman Temporing,Sin Data
2025-10-30,Trabajoscom,Madrid,Alcobendas,Peon/a construcción en Alcobendas,18.000 € - 19.000 €,Sin Data,Indefinido,Jornada Completa,Sin Data,Lis,Sin Data
2025-10-30,Trabajoscom,Barcelona,Todo Barcelona,instalador/a de ascensores,Sin Data,Sin Data,Indefinido,Jornada Completa,Sin Data,Crit Interim España ETT,Sin Data
2025-10-30,Trabajoscom,Girona,Ripoll,OPERARIO/A ALMACÉN MAQUINARIA INDUSTRIAL (TARDE),Sin Data,Sin Data,De duracion determinada,Jornada Completa,Sin Data,Iman Temporing,Sin Data
2025-10-30,Trabajoscom,Barcelona,Vic,ADMINISTRATIVO/VA (media jornada),Sin Data,Sin Data,Indefinido,Jornada Indiferente,Sin Data,Iman Temporing,Sin Data
2025-10-30,Trabajoscom,Barcelona,Todo Barcelona,Agente Atención al Cliente para tienda en HOSPITALET,Sin Data,Sin Data,De duracion determinada,Jornada Completa,Sin Data,Crit Interim España ETT,Sin Data
2025-10-30,Trabajoscom,Guadalajara,Todo Guadalajara,Técnico/a en departamento de I+D y regulatorio,Sin Data,Sin Data,De duracion determinada,Jornada Completa,Sin Data,Crit Interim España ETT,Sin Data
2025-10-30,Trabajoscom,Huesca,Monzon,ADMINISTRATIVO/A,Sin Data,Sin Data,Indefinido,Jornada Completa,Sin Data,Iman Temporing,Sin Data
2025-10-30,Trabajoscom,Barcelona,La Roca Del Valles,Montador/a,21.000 € - 22.000 €,Sin Data,De duracion determinada,Jornada Completa,Sin Data,Iman Temporing,Sin Data
2025-10-30,Trabajoscom,Madrid,Todo Madrid,Técnico de reparación electrónica (H/M),Sin Data,Sin Data,Indefinido,Jornada Completa,Sin Data,Iman Temporing,Sin Data
2025-10-30,Trabajoscom,Barcelona,Sabadell,Operario/a de calidad,Sin Data,Sin Data,De duracion determinada,Jornada Completa,Sin Data,Iman Temporing,Sin Data
2025-10-30,Trabajoscom,Madrid,Aranjuez,Operarios/as para Inventario en Aranjuez 17/10,Sin Data,Sin Data,De duracion determinada,Jornada Indiferente,Sin Data,Iman Temporing,Sin Data
2025-10-30,Trabajoscom,Palencia,Cervera De Pisuerga,CAJERO/A REPONEDOR/A SUPERMERCADO,Sin Data,Sin Data,De duracion determinada,Media Jornada,Sin Data,Iman Temporing,Sin Data
2025-10-30,Trabajoscom,Málaga,Cartama,Envasado de carne-TURNO MAÑANA,16.000 €,Sin Data,De duracion determinada,Jornada Completa,Sin Data,Crit Interim España ETT,Sin Data
2025-10-30,Trabajoscom,Salamanca,Todo Salamanca,REPARTIDORES/AS SALAMANCA,Sin Data,Sin Data,De duracion determinada,Jornada Completa,Sin Data,Iman Temporing,Sin Data
2025-10-30,Trabajoscom,Madrid,Alcala De Henares,Repartidor/a C1+CAP  Sector Horeca,Sin Data,Sin Data,De duracion determinada,Jornada Completa,Sin Data,Crit Interim España ETT,Sin Data
2025-10-30,Trabajoscom,Madrid,Todo Madrid,Backoffice bilingüe con alemán,22.000 €,Sin Data,De duracion determinada,Jornada Completa,Sin Data,Crit Interim España ETT,Sin Data
2025-10-30,Trabajoscom,Castellón,Todo Castellón,Conductores/as C+E (CAP),Sin Data,Sin Data,Autonomo,Jornada Completa,Sin Data,Iman Temporing,Sin Data
2025-10-30,Trabajoscom,Barcelona,Granollers,Jefe/a de equipo,28.000 € - 30.000 €,Sin Data,Indefinido,Jornada Completa,Sin Data,Iman Temporing,Sin Data
2025-10-30,Trabajoscom,Madrid,Valdemoro,CONDUCTOR/A FURGONETA CARNET C + CAP,25.000 €,Sin Data,Indefinido,Jornada Completa,Sin Data,Iman Temporing,Sin Data
2025-10-30,Trabajoscom,Girona,Vilamalla,Jefe/a de Producción-Vilamalla (Girona),40.000 €,Sin Data,Indefinido,Jornada Completa,Sin Data,Iman Global Consulting,Sin Data
2025-10-30,Trabajoscom,Barcelona,Vilassar De Mar,Técnico/a laboratorio químico en Vilassar de Mar,21.100 €,Sin Data,De duracion determinada,Media Jornada,Sin Data,Iman Temporing,Sin Data
2025-10-30,Trabajoscom,Granada,Armilla,Operario/a de Producción con Carnet de Carretilla,Sin Data,Sin Data,De duracion determinada,Jornada Completa,Sin Data,Iman Temporing,Sin Data
2025-10-30,Trabajoscom,Málaga,Todo Málaga,Cocinero/a Hotel 5*- Málaga Centro,Sin Data,Sin Data,Indefinido,Jornada Completa,Sin Data,Pacto,Sin Data
2025-10-30,Trabajoscom,Madrid,Valdemoro,Operario/a Limpieza de maquinaria de construcción,Sin Data,Sin Data,De duracion determinada,Jornada Completa,Sin Data,Iman Temporing,Sin Data
2025-10-30,Trabajoscom,Madrid,Mejorada Del Campo,Operario/a con Carretilla. En planta de reciclaje,Sin Data,Sin Data,De duracion determinada,Jornada Completa,Sin Data,Iman Temporing,Sin Data
2025-10-30,Trabajoscom,Barcelona,Santa Perpetua De Mogoda,Operario/a de producción con carretilla,Sin Data,Sin Data,Indefinido,Jornada Completa,Sin Data,Iman Temporing,Sin Data
2025-10-30,Trabajoscom,Barcelona,Todo Barcelona,Técnico/a  Mantenimiento / Instalador en Sistemas de Seguridad,25 € - 28 €,Sin Data,Indefinido,Jornada Completa,Sin Data,Iman Seguridad,Sin Data
2025-10-30,Trabajoscom,Madrid,Alcobendas,VIGILANTE DE SEGURIDAD - APARTAMENTOS RESIDENCIALES (ALCOBENDAS),Sin Data,Sin Data,Indefinido,Media Jornada,Sin Data,Iman Seguridad,Sin Data
2025-10-30,Trabajoscom,Barcelona,Santa Perpetua De Mogoda,OPERARIO/A PRODUCCION,Sin Data,Sin Data,De duracion determinada,Jornada Completa,Sin Data,Iman Temporing,Sin Data
2025-10-30,Trabajoscom,Cantabria,Todo Cantabria,Electromecánico/a Industrial,Sin Data,Sin Data,Indefinido,Jornada Completa,Sin Data,Crit Interim España ETT,Sin Data
2025-10-30,Trabajoscom,Cantabria,Santander,Operario/a,Sin Data,Sin Data,De duracion determinada,Jornada Completa,Sin Data,Crit Interim España ETT,Sin Data
2025-10-30,Trabajoscom,Cáceres,Almoharin,LIMPIADOR/A DE FÁBRICA,Sin Data,Sin Data,De duracion determinada,Jornada Indiferente,Sin Data,Iman Temporing,Sin Data
2025-10-30,Trabajoscom,Cuenca,Motilla Del Palancar,Granjero/a,Sin Data,Sin Data,Indefinido,Jornada Completa,Sin Data,Crit Interim España ETT,Sin Data
2025-10-30,Trabajoscom,Sevilla,Todo Sevilla,Cajero/a Supermercado,Sin Data,Sin Data,De duracion determinada,Jornada Completa,Sin Data,Iman Temporing,Sin Data
2025-10-30,Trabajoscom,Jaén,Todo Jaén,Mozo Almacén (H/M),Sin Data,Sin Data,Indefinido,Media Jornada,Sin Data,Crit Interim España ETT,Sin Data
2025-10-30,Trabajoscom,Valencia,Xeraco,CONTROLADOR/A DE TRAZABILIDAD XERACO,Sin Data,Sin Data,Indefinido,Jornada Completa,Sin Data,Crit Interim España ETT,Sin Data
2025-10-30,Trabajoscom,Tarragona,Vila-Seca,Carretillero/a frontal,18.000 € - 20.000 €,Sin Data,De duracion determinada,Jornada Completa,Sin Data,Iman Temporing,Sin Data
2025-10-30,Trabajoscom,Barcelona,Cornella De Llobregat,Recepcionista Centro Residencial DomusVi Sant Jordi (Cornellá de Llobregat),Sin Data,Sin Data,De duracion determinada,Jornada Indiferente,Sin Data,DomusVi,Sin Data
2025-10-30,Trabajoscom,A Coruña,Santiago De Compostela,Auxiliar Administrativo/a - Santiago de Compostela,Sin Data,Sin Data,De duracion determinada,Jornada Completa,Sin Data,Iman Temporing,Sin Data
2025-10-30,Trabajoscom,Guadalajara,Azuqueca De Henares,Administrativo/a,Sin Data,Sin Data,De duracion determinada,Jornada Completa,Sin Data,Crit Interim España ETT,Sin Data
2025-10-30,Trabajoscom,Palencia,Palencia,Operario/a industria metal,Sin Data,Sin Data,De duracion determinada,Jornada Completa,Sin Data,Iman Temporing,Sin Data
2025-10-30,Trabajoscom,Zamora,Todo Zamora,Cocinero/a - Centro Residencial DomusVi Puerta Nueva,Sin Data,Sin Data,De duracion determinada,Media Jornada,Sin Data,DomusVi,Sin Data
2025-10-30,Trabajoscom,Guadalajara,Todo Guadalajara,Manipuladores/as. M/T rotativos.,Sin Data,Sin Data,De duracion determinada,Jornada Completa,Sin Data,Faster Empleo ETT,Sin Data
2025-10-30,Trabajoscom,Lleida,Lleida,PINTOR/A INDUSTRIAL CON PISTOLA AIRLESS,Sin Data,Sin Data,Indefinido,Jornada Completa,Sin Data,Iman Temporing,Sin Data
2025-10-30,Trabajoscom,Lleida,Tarrega,Inside Sales,Sin Data,Sin Data,De duracion determinada,Jornada Completa,Sin Data,Iman Temporing,Sin Data
2025-10-30,Trabajoscom,Sevilla,Osuna,Personal de fábrica (campaña) - Osuna,Sin Data,Sin Data,De duracion determinada,Jornada Completa,Sin Data,Crit Interim España ETT,Sin Data
2025-10-30,Trabajoscom,Zaragoza,Todo Zaragoza,Auxiliar Administrativo/a Att. al Cliente,Sin Data,Sin Data,De duracion determinada,Jornada Completa,Sin Data,Iman Temporing,Sin Data
2025-10-30,Trabajoscom,Barcelona,Terrassa,Analista fisicoquímico,25.000 € - 27.000 €,Sin Data,De duracion determinada,Jornada Completa,Sin Data,Iman Temporing,Sin Data
2025-10-30,Trabajoscom,Valladolid,Todo Valladolid,Administrativo/a de Contratación (Temporal),Sin Data,Sin Data,De duracion determinada,Jornada Completa,Sin Data,Crit Interim España ETT,Sin Data
2025-10-30,Trabajoscom,Barcelona,Todo Barcelona,Técnico/a Laboral Senior con A3NOM,Sin Data,Sin Data,Indefinido,Jornada Completa,Sin Data,Iman Temporing,Sin Data
2025-10-30,Trabajoscom,Navarra,Tudela,REPARTIDOR/A,Sin Data,Sin Data,De duracion determinada,Jornada Completa,Sin Data,Iman Temporing,Sin Data
2025-10-30,Trabajoscom,Bizkaia,Zamudio,Mozo/a Almacén 2 turnos,Sin Data,Sin Data,De duracion determinada,Jornada Completa,Sin Data,Iman Temporing,Sin Data
2025-10-30,Trabajoscom,Barcelona,Sant Cugat Del Valles,Ayudante de cocina produccion sant cugat.,Sin Data,Sin Data,Indefinido,Jornada Indiferente,Sin Data,Crit Interim España ETT,Sin Data
2025-10-30,Trabajoscom,Araba,Vitoria-Gasteiz,Electricista estable,21.000 € - 26.000 €,Sin Data,De duracion determinada,Jornada Completa,Sin Data,Crit Interim España ETT,Sin Data
2025-10-30,Trabajoscom,Bizkaia,Zamudio,Operario/a Producción 2 turnos,Sin Data,Sin Data,De duracion determinada,Jornada Completa,Sin Data,Iman Temporing,Sin Data
2025-10-30,Trabajoscom,Madrid,Todo Madrid,Mozos/as con frontal TARDES (Villaverde),Sin Data,Sin Data,De duracion determinada,Jornada Completa,Sin Data,Iman Temporing,Sin Data
2025-10-30,Trabajoscom,Tarragona,Riudoms,Analista de Laboratorio Control Calidad,23.000 € - 25.000 €,Sin Data,De duracion determinada,Jornada Completa,Sin Data,Iman Temporing,Sin Data
2025-10-30,Trabajoscom,Tarragona,Riudoms,Operario/a de envasado en industria farmacéutica,Sin Data,Sin Data,De duracion determinada,Jornada Completa,Sin Data,Iman Temporing,Sin Data
2025-10-30,Trabajoscom,Barcelona,Parets Del Valles,Becario/a de selección,Sin Data,Sin Data,Formativo,Jornada Indiferente,Sin Data,Pacto,Sin Data
2025-10-30,Trabajoscom,Bizkaia,Santurtzi,Mozo/a almacén carretilla horario partido,25.900 €,Sin Data,De duracion determinada,Jornada Completa,Sin Data,Iman Temporing,Sin Data
2025-10-30,Trabajoscom,Barcelona,Sant Esteve Sesrovires,Operarios/as preparación de pedidos,Sin Data,Sin Data,De duracion determinada,Jornada Completa,Sin Data,Iman Temporing,Sin Data
2025-10-30,Trabajoscom,Barcelona,Sant Cugat Del Valles,Operario/a de Calidad- Sant Cugat del Vallès,Sin Data,Sin Data,De duracion determinada,Jornada Completa,Sin Data,Crit Interim España ETT,Sin Data
2025-10-30,Trabajoscom,Zaragoza,Todo Zaragoza,ADMINISTRATIVO/A,Sin Data,Sin Data,De duracion determinada,Jornada Completa,Sin Data,Pacto,Sin Data
2025-10-30,Trabajoscom,Barcelona,Puig-Reig,Oficial de mantenimiento Centro Residencial DomusVi Mont Martí (PUIG REIG),Sin Data,Sin Data,Indefinido,Jornada Indiferente,Sin Data,DomusVi,Sin Data
2025-10-30,Trabajoscom,Zaragoza,Todo Zaragoza,Gerocultor/a - Auxiliar de enfermería Centro Residencial DomusVi Fontibre (ZARAGOZA),Sin Data,Sin Data,Indefinido,Jornada Indiferente,Sin Data,DomusVi,Sin Data
2025-10-30,Trabajoscom,Alicante,Todo Alicante,Enfermero/a - DUE Centro Residencial DomusVi Alcoi,Sin Data,Sin Data,Indefinido,Jornada Completa,Sin Data,DomusVi,Sin Data
