Fecha,Plataforma,Provincia,Localidad,Oferta_Empleo,Salario,Modalidad,Tipo_Contrato,Tipo_Jornada,Experiencia,Empresa,Requisitos
2025-10-09,Trabajoscom,Barcelona,Cerdanyola Del Valles,Oficial/a mantenimiento.  Cerdanyola del Vallès.,Sin Data,Sin Data,De duracion determinada,Jornada Completa,Sin Data,CLECE,Sin Data
2025-10-09,Trabajoscom,Palmas,Todo Palmas,Asesor/a Inmobiliario,Sin Data,Sin Data,Autonomo,Jornada Indiferente,Sin Data,RAFA BELLO S.L.,Sin Data
2025-10-09,Trabajoscom,Pontevedra,Mos,Servicio de limpieza en Mos ( Pontevedra),Sin Data,Sin Data,De duracion determinada,Trabajo Por Horas,Sin Data,Trigo y Martin Asociados,Sin Data
2025-10-09,Trabajoscom,Las Palmas,Puerto Del Rosario,Vigilante de seguridad aeropuerto de Fuerteventura,Sin Data,Sin Data,De duracion determinada,Jornada Completa,Sin Data,Ilunion,Sin Data
2025-10-09,Trabajoscom,Barcelona,Barcelona,Camarera Piso,12 €,Sin Data,Indefinido,Media Jornada,Sin Data,Temps,Sin Data
2025-10-09,Trabajoscom,Madrid,San Fernando De Henares,ADMINISTRATIVO/A CON EXPERIENCIA EN TAREAS ADMINISTRATIVAS,Sin Data,Sin Data,De duracion determinada,Jornada Completa,Sin Data,Temps,Sin Data
2025-10-09,Trabajoscom,Toledo,Illescas,PICKERS/PACKERS FIN DE SEMANA,Sin Data,Sin Data,De duracion determinada,Media Jornada,Sin Data,Temps,Sin Data
2025-10-09,Trabajoscom,Toledo,Illescas,PICKERS/PACKERS 30H,Sin Data,Sin Data,De duracion determinada,Media Jornada,Sin Data,Temps,Sin Data
2025-10-09,Trabajoscom,Barcelona,Granollers,ADMINISTRATIVO/A COMERCIAL -GRANOLLERS-,Sin Data,Sin Data,De duracion determinada,Jornada Completa,Sin Data,Temps,Sin Data
2025-10-09,Trabajoscom,Barcelona,Montcada I Reixac,MECANICO/A DE VEHICULOS,24.000 €,Sin Data,Indefinido,Jornada Completa,Sin Data,Temps,Sin Data
2025-10-09,Trabajoscom,Navarra,Tudela,OPERARIO/A SECTOR METAL,Sin Data,Sin Data,De duracion determinada,Jornada Completa,Sin Data,Temps,Sin Data
2025-10-09,Trabajoscom,Barcelona,Polinyà,SOLDADOR/A TURNO FIJO TARDE Y NOCHE,14 € - 16 €,Sin Data,De duracion determinada,Jornada Completa,Sin Data,Temps,Sin Data
2025-10-09,Trabajoscom,Madrid,Campo Real,PROFESIONAL TALLER SALUD Y PREVENCIÓN PERSONAS MAYORES EN CAMPO REAL,Sin Data,Sin Data,Fijo discontinuo,Trabajo Por Horas,Sin Data,Hartford,Sin Data
2025-10-09,Trabajoscom,León,Soto De La Vega,TÉCNICO/A DE MANTENIMIENTO EN SOTO DE LA VEGA (LEÓN),22.000 € - 24.000 €,Sin Data,Indefinido,Jornada Completa,Sin Data,Temps,Sin Data
2025-10-09,Trabajoscom,Madrid,Las Rozas De Madrid,Encargado/a de jardinería - Movilidad nacional,22.000 € - 23.000 €,Sin Data,Indefinido,Jornada Completa,Sin Data,Temps,Sin Data
2025-10-09,Trabajoscom,Madrid,Madrid,Copy Ayudante/a de Troquelado - rotativos - Alalpardo,Sin Data,Sin Data,De duracion determinada,Jornada Completa,Sin Data,Temps,Sin Data
2025-10-09,Trabajoscom,Madrid,Madrid,Ingeniero/a Técnico/a de Procesos (Obras Retail),Sin Data,Sin Data,Indefinido,Jornada Completa,Sin Data,Temps,Sin Data
2025-10-09,Trabajoscom,A,Coruña,Teleoperador/a Comercial de Seguros A Coruña- Tardes- Indefinido,1.000 € - 1.200 €,Sin Data,Indefinido,Jornada Intensiva,Sin Data,Accepta Servicios Integrales,Sin Data
2025-10-09,Trabajoscom,Zaragoza,La Muela,MOZO/A DE ALMACÉN CON CARRETILLA,Sin Data,Sin Data,De duracion determinada,Jornada Completa,Sin Data,Temps,Sin Data
2025-10-09,Trabajoscom,Barcelona,Todo Barcelona,Head of fleet business (BROKER),Sin Data,Sin Data,Indefinido,Jornada Indiferente,Sin Data,Page Personnel ETT,Sin Data
2025-10-09,Trabajoscom,Madrid,Todo Madrid,Office cocina hotel 4* 40h,Sin Data,Sin Data,Indefinido,Jornada Completa,Sin Data,EY,Sin Data
2025-10-09,Trabajoscom,Barcelona,Todo Barcelona,Operario Almacén carnet de carretilla- LA ROCA DEL VALLES (TEMP),Sin Data,Sin Data,Indefinido,Jornada Indiferente,Sin Data,Page Personnel ETT,Sin Data
2025-10-09,Trabajoscom,Madrid,Todo Madrid,Ingeniero Desarrollo de Firmware,Sin Data,Sin Data,Indefinido,Jornada Indiferente,Sin Data,Page Personnel ETT,Sin Data
2025-10-09,Trabajoscom,Bizkaia,Todo Bizkaia,Operario/a,Sin Data,Sin Data,Indefinido,Jornada Completa,Sin Data,Grupompleo,Sin Data
2025-10-09,Trabajoscom,Madrid,Todo Madrid,Contable (navision) 908239b1,Sin Data,Sin Data,Indefinido,Jornada Indiferente,Sin Data,EY,Sin Data
2025-10-09,Trabajoscom,Madrid,Torrejon De Ardoz,Responsable de Pintura (8925),28.000 € - 29.000 €,Sin Data,Indefinido,Jornada Completa,Sin Data,Human Simbio Consulting,Sin Data
2025-10-09,Trabajoscom,Bizkaia,Todo Bizkaia,Dependiente/a de ferretería y recambios,Sin Data,Sin Data,Indefinido,Media Jornada,Sin Data,Eurofirms,Sin Data
2025-10-09,Trabajoscom,Madrid,Todo Madrid,Consultor/a Jr comunicación con discapacidad,Sin Data,Sin Data,Indefinido,Jornada Indiferente,Sin Data,Page Personnel ETT,Sin Data
2025-10-09,Trabajoscom,Barcelona,Barcelona,OFICIAL MANTENIMIENTO (PARA OFICINAS),27.000 € - 28.000 €,Sin Data,Indefinido,Jornada Completa,Sin Data,Temps,Sin Data
2025-10-09,Trabajoscom,Madrid,Ajalvir,Cuadrista Industrial (9025),22.000 € - 26.000 €,Sin Data,Indefinido,Jornada Completa,Sin Data,Human Simbio Consulting,Sin Data
2025-10-09,Trabajoscom,Zaragoza,Villanueva De Gállego,Operario/a de clasificación de escombro,1.900 € - 2.000 €,Sin Data,De duracion determinada,Jornada Completa,Sin Data,Temps,Sin Data
2025-10-09,Trabajoscom,Zaragoza,Zaragoza,TÉCNICO DE MANTENIMIENTO INDUSTRIAL,Sin Data,Sin Data,Indefinido,Jornada Completa,Sin Data,Temps,Sin Data
2025-10-09,Trabajoscom,Madrid,Coslada,Atención al cliente - logística con inglés,Sin Data,Sin Data,De duracion determinada,Jornada Completa,Sin Data,Temps,Sin Data
2025-10-09,Trabajoscom,S.C. Tenerife,Adeje,Personal de Supermercado (Zona Sur),Sin Data,Sin Data,Indefinido,Jornada Completa,Sin Data,Temps,Sin Data
2025-10-09,Trabajoscom,Valencia,Aldaia,OFICIALES ELECTRICISTAS,22.000 € - 24.000 €,Sin Data,Indefinido,Jornada Completa,Sin Data,Argotek Instalaciones,Sin Data
2025-10-09,Trabajoscom,Bizkaia,Todo Bizkaia,Dependiente/a de ferretería y recambios,Sin Data,Sin Data,Indefinido,Media Jornada,Sin Data,Eurofirms,Sin Data
2025-10-09,Trabajoscom,Madrid,Todo Madrid,Consultor/a Jr comunicación con discapacidad,Sin Data,Sin Data,Indefinido,Jornada Indiferente,Sin Data,Page Personnel ETT,Sin Data
2025-10-09,Trabajoscom,Barcelona,Barcelona,OFICIAL MANTENIMIENTO (PARA OFICINAS),27.000 € - 28.000 €,Sin Data,Indefinido,Jornada Completa,Sin Data,Temps,Sin Data
2025-10-09,Trabajoscom,Madrid,Ajalvir,Cuadrista Industrial (9025),22.000 € - 26.000 €,Sin Data,Indefinido,Jornada Completa,Sin Data,Human Simbio Consulting,Sin Data
2025-10-09,Trabajoscom,Zaragoza,Villanueva De Gállego,Operario/a de clasificación de escombro,1.900 € - 2.000 €,Sin Data,De duracion determinada,Jornada Completa,Sin Data,Temps,Sin Data
2025-10-09,Trabajoscom,Zaragoza,Zaragoza,TÉCNICO DE MANTENIMIENTO INDUSTRIAL,Sin Data,Sin Data,Indefinido,Jornada Completa,Sin Data,Temps,Sin Data
2025-10-09,Trabajoscom,Madrid,Coslada,Atención al cliente - logística con inglés,Sin Data,Sin Data,De duracion determinada,Jornada Completa,Sin Data,Temps,Sin Data
2025-10-09,Trabajoscom,S.C. Tenerife,Adeje,Personal de Supermercado (Zona Sur),Sin Data,Sin Data,Indefinido,Jornada Completa,Sin Data,Temps,Sin Data
2025-10-09,Trabajoscom,Valencia,Aldaia,OFICIALES ELECTRICISTAS,22.000 € - 24.000 €,Sin Data,Indefinido,Jornada Completa,Sin Data,Argotek Instalaciones,Sin Data
2025-10-09,Trabajoscom,Madrid,Madrid,Administrativo/a tramitación vehículos(gestoría),16.000 € - 17.000 €,Sin Data,Indefinido,Jornada Completa,Sin Data,Temps,Sin Data
2025-10-09,Trabajoscom,Toledo,Valmojado,TECNICO/A DE CALIDAD.,Sin Data,Sin Data,De duracion determinada,Jornada Completa,Sin Data,Temps,Sin Data
2025-10-09,Trabajoscom,Madrid,Madrid,TELEOPERADOR/A COMERCIAL,18.000 €,Sin Data,Indefinido,Jornada Completa,Sin Data,Temps,Sin Data
2025-10-09,Trabajoscom,Barcelona,L' Hospitalet De Llobregat,"Especialista cristales (L-V, 17:00-20:00).   Hospitalet",18.000 €,Sin Data,Indefinido,Media Jornada,Sin Data,Limpiezas Deyse,Sin Data
2025-10-09,Trabajoscom,Barcelona,L'hospitalet De Llobregat,Gestor/a Telefónico/a Tramitación Siniestros de Hogar,17.000 € - 18.000 €,Sin Data,Indefinido,Jornada Completa,Sin Data,Temps,Sin Data
2025-10-09,Trabajoscom,Palencia,Todo Palencia,Experto contable y auditoria interna para empresa industrial. Contrato estable (H/M/X),Sin Data,Sin Data,Indefinido,Jornada Indiferente,Sin Data,Manpower Trabajo Temporal,Sin Data
2025-10-09,Trabajoscom,Barcelona,Todo Barcelona,Montador Mecánico (Baix Llobregat),Sin Data,Sin Data,Indefinido,Jornada Indiferente,Sin Data,Page Personnel ETT,Sin Data
2025-10-09,Trabajoscom,Madrid,Todo Madrid,Mozo carretillero,Sin Data,Sin Data,Indefinido,Jornada Completa,Sin Data,Open To Work,Sin Data
2025-10-09,Trabajoscom,Madrid,Todo Madrid,Responsable Administración de Obras,Sin Data,Sin Data,Indefinido,Jornada Indiferente,Sin Data,Page Personnel ETT,Sin Data
2025-10-09,Trabajoscom,Zaragoza,Todo Zaragoza,Responsable de Producción,Sin Data,Sin Data,Indefinido,Jornada Indiferente,Sin Data,Page Personnel ETT,Sin Data
2025-10-09,Trabajoscom,Barcelona,Todo Barcelona,Asesor Comercial Sector Inmobiliaria,Sin Data,Sin Data,Indefinido,Jornada Indiferente,Sin Data,Page Personnel ETT,Sin Data
2025-10-09,Trabajoscom,Madrid,Coslada,Copy REPARTIDOR/A DE PAQUETERÍA,1.400 € - 1.500 €,Sin Data,De duracion determinada,Jornada Completa,Sin Data,Temps,Sin Data
2025-10-09,Trabajoscom,A,Coruña,Copy Tecnico de mantenimiento indrustrial sector defensa,Sin Data,Sin Data,De duracion determinada,Jornada Completa,Sin Data,Temps,Sin Data
2025-10-09,Trabajoscom,Madrid,Todo Madrid,Prescriptor materiales para calefacción.,Sin Data,Sin Data,Indefinido,Jornada Indiferente,Sin Data,Page Personnel ETT,Sin Data
2025-10-09,Trabajoscom,Barcelona,Todo Barcelona,Diseñador + Marketing Specialist (h/m),Sin Data,Sin Data,Indefinido,Jornada Indiferente,Sin Data,Page Personnel ETT,Sin Data
2025-10-09,Trabajoscom,Barcelona,Todo Barcelona,Técnico Contable Fiscal,Sin Data,Sin Data,Indefinido,Jornada Indiferente,Sin Data,Page Personnel ETT,Sin Data
2025-10-09,Trabajoscom,Barcelona,Todo Barcelona,Head of fleet business (BROKER),Sin Data,Sin Data,Indefinido,Jornada Indiferente,Sin Data,Page Personnel ETT,Sin Data
2025-10-09,Trabajoscom,Madrid,Todo Madrid,Office cocina hotel 4* 40h,Sin Data,Sin Data,Indefinido,Jornada Completa,Sin Data,EY,Sin Data
2025-10-09,Trabajoscom,Barcelona,Todo Barcelona,Operario Almacén carnet de carretilla- LA ROCA DEL VALLES (TEMP),Sin Data,Sin Data,Indefinido,Jornada Indiferente,Sin Data,Page Personnel ETT,Sin Data
2025-10-09,Trabajoscom,Madrid,Todo Madrid,Ingeniero Desarrollo de Firmware,Sin Data,Sin Data,Indefinido,Jornada Indiferente,Sin Data,Page Personnel ETT,Sin Data
2025-10-09,Trabajoscom,Bizkaia,Todo Bizkaia,Operario/a,Sin Data,Sin Data,Indefinido,Jornada Completa,Sin Data,Grupompleo,Sin Data
2025-10-09,Trabajoscom,Madrid,Todo Madrid,Contable (navision) 908239b1,Sin Data,Sin Data,Indefinido,Jornada Indiferente,Sin Data,EY,Sin Data
2025-10-09,Trabajoscom,Málaga,Todo Málaga,Jefe /a de Mantenimiento,Sin Data,Sin Data,Indefinido,Jornada Indiferente,Sin Data,Page Personnel ETT,Sin Data
2025-10-09,Trabajoscom,Murcia,Todo Murcia,Jefe/a de obra de instalaciones eléctricas,Sin Data,Sin Data,Indefinido,Jornada Indiferente,Sin Data,Page Personnel ETT,Sin Data
2025-10-09,Trabajoscom,Araba,Vitoria-Gasteiz,Repartidor (h/m) con Carnet B - VITORIA,1.300 € - 1.400 €,Sin Data,Fijo discontinuo,Jornada Completa,Sin Data,Vayven Delivery,Sin Data
2025-10-09,Trabajoscom,Coruña,Todo Coruña,Comercial de seguros A Coruña (Plaza Galicia) (Fijo + Variable).,Sin Data,Sin Data,Autonomo,Jornada Indiferente,Sin Data,SGS Seguros Santalucía,Sin Data
2025-10-09,Trabajoscom,Barcelona,Todo Barcelona,"Operario de Mantenimiento Eléctrico, Oficial 3a, turno mañana (H/M/X)",Sin Data,Sin Data,Indefinido,Jornada Indiferente,Sin Data,Manpower Trabajo Temporal,Sin Data
2025-10-09,Trabajoscom,Palmas,Todo Palmas,"Administrativo de Logística para cubrir sustitución, incorporación inmediata (H/M/X)",Sin Data,Sin Data,Indefinido,Jornada Indiferente,Sin Data,Manpower Trabajo Temporal,Sin Data
2025-10-09,Trabajoscom,Barcelona,Todo Barcelona,Gestor/a clientes VIP - Zona Cataluña,Sin Data,Sin Data,Indefinido,Jornada Indiferente,Sin Data,Page Personnel ETT,Sin Data
2025-10-09,Trabajoscom,Navarra,Todo Navarra,Operario/a,Sin Data,Sin Data,Indefinido,Jornada Completa,Sin Data,Grupompleo,Sin Data
2025-10-09,Trabajoscom,Salamanca,Villamayor,ASESOR FISCAL CONTABLE,Sin Data,Sin Data,Indefinido,Jornada Intensiva,Sin Data,Carmen García López,Sin Data
2025-10-09,Trabajoscom,Huesca,Monzon,TÉCNICO/A DE MANTENIMIENTO - ELECTROMECÁNICO,Sin Data,Sin Data,Indefinido,Jornada Completa,Sin Data,Iman Temporing,Sin Data
2025-10-09,Trabajoscom,Huesca,Monzon,PANADERO/A,Sin Data,Sin Data,Indefinido,Jornada Completa,Sin Data,Iman Temporing,Sin Data
2025-10-09,Trabajoscom,Girona,Girona,Gerocultor/a - Auxiliar de enfermería Centro Residencial DomusVi Girona Ciutat,Sin Data,Sin Data,Indefinido,Jornada Completa,Sin Data,DomusVi,Sin Data
2025-10-09,Trabajoscom,A Coruña,Arteixo,OPERARIO/A DE PRODUCCIÓN - Campaña de Navidad,Sin Data,Sin Data,De duracion determinada,Jornada Completa,Sin Data,Micofer By Empatif ETT,Sin Data
2025-10-09,Trabajoscom,A Coruña,Naron,Enfermero/a - DUE Centro Residencial DomusVi Narón,Sin Data,Sin Data,Indefinido,Jornada Completa,Sin Data,DomusVi,Sin Data
2025-10-09,Trabajoscom,Barcelona,Todo Barcelona,DEPENDIENTA/E TINTORERIA BARCELONA (H/M/D),12.000 € - 18.000 €,Sin Data,De duracion determinada,Jornada Completa,Sin Data,Pressto Enterprises,Sin Data
2025-10-09,Trabajoscom,Madrid,Madrid,COMERCIAL INSTALACIONES FOTOVOLTAICAS NATURGY,25.000 € - 40.000 €,Sin Data,Indefinido,Jornada Indiferente,Sin Data,Edeco Sales Solutions,Sin Data
2025-10-09,Trabajoscom,Girona,Sant Feliu De Buixalleu,CHOFER C+E+CAP+TACOGRAFO,19.000 € - 25.000 €,Sin Data,De duracion determinada,Jornada Completa,Sin Data,Synergie ETT,Sin Data
2025-10-09,Trabajoscom,Barcelona,Todo Barcelona,MOZO/A DE ALMACÉN – OPERARIO/A DE MUELLE / REFRIGERADO - SANTA PERPETUA DE MOGODA / CIM VA,2.000 € - 2.100 €,Sin Data,Indefinido,Jornada Completa,Sin Data,Synergie ETT,Sin Data
2025-10-09,Trabajoscom,Barcelona,Sabadell,Operario/a metal,Sin Data,Sin Data,Indefinido,Jornada Completa,Sin Data,Iman Temporing,Sin Data
2025-10-09,Trabajoscom,Barcelona,Polinya,Responsable de Proyectos,Sin Data,Sin Data,Indefinido,Jornada Completa,Sin Data,Lis,Sin Data
2025-10-09,Trabajoscom,Barcelona,Santa Perpetua De Mogoda,OPERARIO/A DE PRODUCCIÓN,Sin Data,Sin Data,De duracion determinada,Jornada Completa,Sin Data,Iman Temporing,Sin Data
2025-10-09,Trabajoscom,León,Villadangos Del Paramo,MANIPULADOR/A SECTOR TEXTIL (VILLADANGOS),Sin Data,Sin Data,De duracion determinada,Jornada Completa,Sin Data,Empatif Staffing ETT,Sin Data
2025-10-09,Trabajoscom,A Coruña,A Coruña,TELEOPERADOR SOPORTE TÉCNICO (H/M),Sin Data,Sin Data,Indefinido,Jornada Completa,Sin Data,Micofer By Empatif ETT,Sin Data
2025-10-09,Trabajoscom,Sevilla,Todo Sevilla,Recepcionista - Servicio de Ayuda a Domicilio - DomusVi SAD Sevilla,Sin Data,Sin Data,De duracion determinada,Jornada Completa,Sin Data,DomusVi,Sin Data
2025-10-09,Trabajoscom,Sevilla,Alcala De Guadaira,Responsable de línea de envasado,Sin Data,Sin Data,De duracion determinada,Jornada Completa,Sin Data,Crit Interim España ETT,Sin Data
2025-10-09,Trabajoscom,Madrid,Todo Madrid,Enfermero/a - DUE Centro Residencial DomusVi Albufera ( INDEFINIDO/TURNO DE TARDE),Sin Data,Sin Data,Indefinido,Jornada Completa,Sin Data,DomusVi,Sin Data
2025-10-09,Trabajoscom,Lleida,Montgai,INGENIERO/A,Sin Data,Sin Data,Indefinido,Jornada Completa,Sin Data,Iman Temporing,Sin Data
2025-10-09,Trabajoscom,Alicante,Castalla,Operario/a de producción con carretilla,Sin Data,Sin Data,De duracion determinada,Jornada Completa,Sin Data,Faster Empleo ETT,Sin Data
2025-10-09,Trabajoscom,Barcelona,Sant Just Desvern,Manipuladores/as (posición estable),Sin Data,Sin Data,De duracion determinada,Jornada Completa,Sin Data,Crit Interim España ETT,Sin Data
2025-10-09,Trabajoscom,Alicante,Crevillent,Administrativo/a Polivalente,22.000 € - 24.000 €,Sin Data,De duracion determinada,Jornada Completa,Sin Data,Faster Empleo ETT,Sin Data
2025-10-09,Trabajoscom,Guadalajara,Todo Guadalajara,Aux. Administrativo/a. Sector Automoción.,Sin Data,Sin Data,De duracion determinada,Jornada Completa,Sin Data,Faster Empleo ETT,Sin Data
2025-10-09,Trabajoscom,Málaga,Todo Málaga,Envasadoras/es velez-malaga,Sin Data,Sin Data,De duracion determinada,Media Jornada,Sin Data,Faster Empleo ETT,Sin Data
2025-10-09,Trabajoscom,Barcelona,Santa Perpetua De Mogoda,OPERARIO/A VERIFICACIÓN EN CADENA DE PRODUCCIÓN.,13 € - 14 €,Sin Data,De duracion determinada,Jornada Completa,Sin Data,Iman Temporing,Sin Data
2025-10-09,Trabajoscom,A Coruña,Arteixo,TÉCNICO/A DE MANTENIMIENTO / INSTALADOR/A,Sin Data,Sin Data,Indefinido,Jornada Completa,Sin Data,Iman Temporing,Sin Data
2025-10-09,Trabajoscom,Madrid,Algete,Auxiliar Administrativo/a,Sin Data,Sin Data,De duracion determinada,Jornada Completa,Sin Data,Crit Interim España ETT,Sin Data
2025-10-09,Trabajoscom,Cantabria,Santander,Repartidor/a B 25 H/s,Sin Data,Sin Data,De duracion determinada,Jornada Indiferente,Sin Data,Crit Interim España ETT,Sin Data
2025-10-09,Trabajoscom,Granada,Motril,Mozo carga descarga servicios puntuales,Sin Data,Sin Data,Indefinido,Jornada Completa,Sin Data,Crit Interim España ETT,Sin Data
2025-10-09,Trabajoscom,Zaragoza,Todo Zaragoza,Mozo/a almacén,Sin Data,Sin Data,De duracion determinada,Jornada Completa,Sin Data,Iman Temporing,Sin Data
2025-10-09,Trabajoscom,Navarra,Pamplona/iruña,CARNICERO/A - ORCOYEN (LUN-SAB),Sin Data,Sin Data,De duracion determinada,Jornada Completa,Sin Data,Iman Temporing,Sin Data
2025-10-09,Trabajoscom,Barcelona,Polinya,Operario/a tintura textil,18.959 €,Sin Data,De duracion determinada,Jornada Completa,Sin Data,Iman Temporing,Sin Data
2025-10-09,Trabajoscom,Sevilla,Todo Sevilla,Técnico de RRHH,Sin Data,Sin Data,De duracion determinada,Jornada Completa,Sin Data,Faster Empleo ETT,Sin Data
2025-10-09,Trabajoscom,Valencia,Todo Valencia,Oficial de 3ª Instalador SAT (Valencia),Sin Data,Sin Data,De duracion determinada,Jornada Completa,Sin Data,Faster Empleo ETT,Sin Data
2025-10-09,Trabajoscom,Madrid,Camarma De Esteruelas,Operario/a de linea,Sin Data,Sin Data,De duracion determinada,Jornada Completa,Sin Data,Faster Empleo ETT,Sin Data
2025-10-09,Trabajoscom,Barcelona,Todo Barcelona,Recepcionista - Incorporación inmediata,Sin Data,Sin Data,De duracion determinada,Jornada Completa,Sin Data,Crit Interim España ETT,Sin Data
2025-10-09,Trabajoscom,Barcelona,Todo Barcelona,Técnico Comercial Instaladores,Sin Data,Sin Data,Indefinido,Jornada Completa,Sin Data,Crit Interim España ETT,Sin Data
2025-10-09,Trabajoscom,Tarragona,Tarragona,Técnico/a de reparaciones,Sin Data,Sin Data,Indefinido,Jornada Completa,Sin Data,Iman Temporing,Sin Data
2025-10-09,Trabajoscom,Murcia,Todo Murcia,Gestor/a de Atención al Cliente y E-Commerce,Sin Data,Sin Data,De duracion determinada,Jornada Completa,Sin Data,Crit Interim España ETT,Sin Data
2025-10-09,Trabajoscom,Barcelona,El Papiol,Conductor/a (Carnet C),Sin Data,Sin Data,De duracion determinada,Jornada Completa,Sin Data,Iman Temporing,Sin Data
2025-10-09,Trabajoscom,Cantabria,Santander,Chapista (h/m),Sin Data,Sin Data,Indefinido,Jornada Completa,Sin Data,Crit Interim España ETT,Sin Data
2025-10-09,Trabajoscom,Cantabria,Santander,Comercial vehículos,Sin Data,Sin Data,De duracion determinada,Jornada Completa,Sin Data,Crit Interim España ETT,Sin Data
2025-10-09,Trabajoscom,Barcelona,Sant Fruitos De Bages,Manipulador/a textil,Sin Data,Sin Data,Indefinido,Jornada Completa,Sin Data,Iman Temporing,Sin Data
2025-10-09,Trabajoscom,Guadalajara,Quer,Peón/a planta de reciclaje de vidrio.,Sin Data,Sin Data,De duracion determinada,Jornada Completa,Sin Data,Faster Empleo ETT,Sin Data
2025-10-09,Trabajoscom,Madrid,Todo Madrid,Jefe/a Tráfico. T. Mañana y Tarde.,Sin Data,Sin Data,De duracion determinada,Jornada Completa,Sin Data,Iman Temporing,Sin Data
2025-10-09,Trabajoscom,Albacete,Albacete,Operario/a de mecanizado,Sin Data,Sin Data,Indefinido,Jornada Completa,Sin Data,Iman Temporing,Sin Data
2025-10-09,Trabajoscom,Barcelona,Sant Fost De Campsentelles,Ayudante Operario/a calderería,Sin Data,Sin Data,Indefinido,Jornada Completa,Sin Data,Crit Interim España ETT,Sin Data
2025-10-09,Trabajoscom,Barcelona,Lliça D'amunt,MANIPULADOR/A - TURNO TARDE,16.500 € - 17.000 €,Sin Data,De duracion determinada,Jornada Completa,Sin Data,Iman Temporing,Sin Data
2025-10-09,Trabajoscom,Pontevedra,Vilaboa,OPERARIOS/AS PARA CONSERVERA (VILABOA),Sin Data,Sin Data,De duracion determinada,Jornada Completa,Sin Data,Micofer By Empatif ETT,Sin Data
2025-10-09,Trabajoscom,Sevilla,Todo Sevilla,Back Office Comercial,Sin Data,Sin Data,Indefinido,Jornada Completa,Sin Data,Crit Interim España ETT,Sin Data
2025-10-09,Trabajoscom,Barcelona,Sabadell,Mozo/a almacén con carretilla,Sin Data,Sin Data,De duracion determinada,Jornada Completa,Sin Data,Iman Temporing,Sin Data
2025-10-09,Trabajoscom,Alicante,Mutxamel,Ayudante de cocina - Centro Residencial DomusVi Mutxamel,Sin Data,Sin Data,Indefinido,Media Jornada,Sin Data,DomusVi,Sin Data
2025-10-09,Trabajoscom,Pontevedra,Todo Pontevedra,AUXILIARES DE ALMACÉN - Salvaterra de Miño,Sin Data,Sin Data,De duracion determinada,Jornada Completa,Sin Data,Micofer By Empatif ETT,Sin Data
2025-10-09,Trabajoscom,Tarragona,Todo Tarragona,Electromecánico/a industrial,Sin Data,Sin Data,De duracion determinada,Jornada Completa,Sin Data,Crit Interim España ETT,Sin Data
2025-10-09,Trabajoscom,Zamora,Villaralbo,Médico/a Centro Residencial DomusVi Villaralbo,Sin Data,Sin Data,Indefinido,Media Jornada,Sin Data,DomusVi,Sin Data
2025-10-09,Trabajoscom,A Coruña,Ferrol,Médico/a Centro Residencial DomusVi Ferrol,Sin Data,Sin Data,Indefinido,Media Jornada,Sin Data,DomusVi,Sin Data
2025-10-09,Trabajoscom,Zaragoza,Todo Zaragoza,Teleoperador/a atención al cliente Inglés,Sin Data,Sin Data,De duracion determinada,Jornada Completa,Sin Data,Crit Interim España ETT,Sin Data
2025-10-09,Trabajoscom,Madrid,Todo Madrid,Ayudante cocina en fábrica (turnos rotativos),Sin Data,Sin Data,De duracion determinada,Jornada Completa,Sin Data,Crit Interim España ETT,Sin Data
2025-10-09,Trabajoscom,Madrid,Todo Madrid,Programador/a de Procesos Industriales y Telecomunicaciones,Sin Data,Sin Data,Indefinido,Jornada Completa,Sin Data,Iman Temporing,Sin Data
2025-10-09,Trabajoscom,Cantabria,Torrelavega,Repartidores/as Furgonetas,9 € - 10 €,Sin Data,Fijo discontinuo,Media Jornada,Sin Data,Grupo Adecco,Sin Data
2025-10-09,Trabajoscom,Barcelona,Barberà Del Vallès,ADMINISTRATIVO/VA COMERCIAL,Sin Data,Sin Data,De duracion determinada,Jornada Completa,Sin Data,Temps,Sin Data
2025-10-09,Trabajoscom,Valladolid,Boecillo,SERVICIO LIMPIEZA EN BOECILLO,Sin Data,Sin Data,De duracion determinada,Trabajo Por Horas,Sin Data,Trigo y Martin Asociados,Sin Data
2025-10-09,Trabajoscom,Sevilla,Todo Sevilla,Teleoperador/a Atención al Cliente con Alemán (Aerolíneas - reservas) ✈️,Sin Data,Sin Data,De duracion determinada,Jornada Completa,Sin Data,Foundever Spain,Sin Data
2025-10-09,Trabajoscom,Madrid,Todo Madrid,"Customer Service Financial Institution - German C1+ & English C1 🎧 - 23,5k - Madrid",Sin Data,Sin Data,Indefinido,Jornada Completa,Sin Data,Foundever Spain,Sin Data
2025-10-09,Trabajoscom,Madrid,Madrid,RESPONSABLE TURNO DE NOCHE (EXPERIENCIA EN REPARTO LAST MILE),1.400 € - 1.500 €,Sin Data,De duracion determinada,Jornada Completa,Sin Data,Temps,Sin Data
2025-10-09,Trabajoscom,Madrid,Madrid,MOZO/A ALMACÉN DIAS SUELTOS EN MURCIA,15.000 € - 16.000 €,Sin Data,De duracion determinada,Jornada Completa,Sin Data,Temps,Sin Data
2025-10-09,Trabajoscom,Barcelona,Barcelona,OPERARIO/A DE PRODUCCIÓN CON PUENTE GRÚA,Sin Data,Sin Data,De duracion determinada,Jornada Completa,Sin Data,Temps,Sin Data
2025-10-09,Trabajoscom,Madrid,Madrid,ELECTROMECANICO PARA MANTENIMIENTO Y REPARACION DE AVERIAS MAQUINARIA RECICLAJE,Sin Data,Sin Data,De duracion determinada,Jornada Completa,Sin Data,Temps,Sin Data
2025-10-09,Trabajoscom,Zaragoza,Zaragoza,CARRETILLERO/A FRONTAL Y RETRÁCTIL,20.000 € - 21.000 €,Sin Data,De duracion determinada,Jornada Completa,Sin Data,Temps,Sin Data
2025-10-09,Trabajoscom,Toledo,Toledo,AYUDANTE OPERARIO/A DE EXPEDICIONES PRODUCCIÓN Y LOGISTICA - SECTOR CARNICO,Sin Data,Sin Data,De duracion determinada,Jornada Completa,Sin Data,Temps,Sin Data
2025-10-09,Trabajoscom,Barcelona,Barcelona,OPERARIO/A DE EXTRUSIÓN DE PLÁSTICO -LLINARS DEL VALLÈS-,Sin Data,Sin Data,De duracion determinada,Jornada Completa,Sin Data,Temps,Sin Data
2025-10-09,Trabajoscom,Bizkaia,Bilbao,Cableador/a + Gran Bilbao,Sin Data,Sin Data,De duracion determinada,Jornada Completa,Sin Data,Temps,Sin Data
2025-10-09,Trabajoscom,Barcelona,Sabadell,TRABAJADOR/A FAMILIAR - SAD SABADELL (Diferentes turnos),1.196 € - 1.264 €,Sin Data,A tiempo parcial,Jornada Intensiva,Sin Data,Accent Social,Sin Data
2025-10-09,Trabajoscom,Madrid,Madrid,Auxiliar administrativo,16.700 € - 18.000 €,Sin Data,Indefinido,Jornada Completa,Sin Data,Jimenez Perruca Hermanas,Sin Data
2025-10-09,Trabajoscom,Barcelona,Montcada I Reixac,COORDINADOR/A MENSAJERIA - DEPARTAMENTO TRAFICO,19.000 €,Sin Data,Indefinido,Jornada Completa,Sin Data,Temps,Sin Data
2025-10-09,Trabajoscom, Madrid, Madrid,TELEOPERADORES RETENCION DE SEGUROS - TRES CANTOS,12.900 € - 14.700 €,Sin Data,Indefinido,Jornada Completa,Sin Data,Synergie ETT,Sin Data
2025-10-09,Trabajoscom,Madrid,Chapineria,LOGOPEDA.   COLMENAR DEL ARROYO,10 €,Sin Data,Fijo discontinuo,Trabajo Por Horas,Sin Data,Grupo Educativo,Sin Data
2025-10-09,Trabajoscom,Madrid,Griñon,Peón de Taller,Sin Data,Sin Data,Indefinido,Jornada Completa,Sin Data,Carrocerias Carralser,Sin Data
2025-10-09,Trabajoscom,Madrid,Madrid,Ayudante de impresión packaging turnos rotativos - Alalpardo,Sin Data,Sin Data,De duracion determinada,Jornada Completa,Sin Data,Temps,Sin Data
2025-10-09,Trabajoscom,Barcelona,Barcelona,Recambista- Cardedeu/PobleNou,22.000 € - 36.000 €,Sin Data,Indefinido,Jornada Completa,Sin Data,Temps,Sin Data
2025-10-09,Trabajoscom,León,León,Administrativo/a jornada parcial - zona Villamañán,18.000 € - 19.000 €,Sin Data,De duracion determinada,Media Jornada,Sin Data,Temps,Sin Data
2025-10-09,Trabajoscom,Madrid,Coslada,REPARTIDOR/A DE PAQUETERÍA,1.400 €,Sin Data,De duracion determinada,Media Jornada,Sin Data,Temps,Sin Data
2025-10-09,Trabajoscom,Barcelona,Ripollet,SOLDADOR/A,28.000 € - 30.000 €,Sin Data,Indefinido,Jornada Completa,Sin Data,Temps,Sin Data
2025-10-09,Trabajoscom,Bizkaia,Mallabia,Administrativo (experiencia en diseño 2D/3D),Sin Data,Sin Data,De duracion determinada,Jornada Completa,Sin Data,Temps,Sin Data
2025-10-09,Trabajoscom,Asturias,Oviedo,Teleoperador/a Comercial Oviedo-  Puesto Estable- Turno Mañana,1.000 € - 1.200 €,Sin Data,Indefinido,Jornada Intensiva,Sin Data,Accepta Servicios Integrales,Sin Data
2025-10-09,Trabajoscom,Rioja,Todo Rioja,Operario/a almacén,Sin Data,Sin Data,Indefinido,Jornada Indiferente,Sin Data,Grupompleo,Sin Data
2025-10-09,Trabajoscom,Madrid,Todo Madrid,Conductor con carnet C,Sin Data,Sin Data,Indefinido,Jornada Completa,Sin Data,Open To Work,Sin Data
2025-10-09,Trabajoscom,Madrid,Todo Madrid,Secretaria Administrativa (media jornada - mañana),Sin Data,Sin Data,Indefinido,Jornada Indiferente,Sin Data,Page Personnel ETT,Sin Data
2025-10-09,Trabajoscom,Barcelona,Todo Barcelona,Aquitecto de Aplicaciones IT,Sin Data,Sin Data,Indefinido,Jornada Indiferente,Sin Data,Page Personnel ETT,Sin Data
2025-10-09,Trabajoscom,Barcelona,Todo Barcelona,Procurement assistant 19c0cfc8,Sin Data,Sin Data,Indefinido,Jornada Indiferente,Sin Data,EY,Sin Data
2025-10-09,Trabajoscom,Zaragoza,Zaragoza,OPERARIO/A CUADROS ELÉCTRICOS - PLATAFORMA LOG. PLAZA (ZARAGOZA),Sin Data,Sin Data,De duracion determinada,Jornada Completa,Sin Data,Temps,Sin Data
2025-10-09,Trabajoscom,Barcelona,Todo Barcelona,Auditor Junior (Vallès Occidental),Sin Data,Sin Data,Indefinido,Jornada Indiferente,Sin Data,Page Personnel ETT,Sin Data
2025-10-09,Trabajoscom,Madrid,Madrid,Comercial de Seguros MADRID-Pº DE EXTREMADURA (Fijo + Variable),Sin Data,Sin Data,Indefinido,Jornada Completa,Sin Data,SGS Seguros Santalucía,Sin Data
2025-10-09,Trabajoscom,Tarragona,Reus,AUXILIAR DE VUELO - TRIPULANTE DE CABINA DE PASAJEROS,20.000 € - 30.000 €,Sin Data,De duracion determinada,Jornada Completa,Sin Data,ON AIR,Sin Data
2025-10-09,Trabajoscom,Madrid,Madrid,Soldador,Sin Data,Sin Data,Indefinido,Jornada Completa,Sin Data,Temps,Sin Data
2025-10-09,Trabajoscom, Zaragoza, Zaragoza,Soldador/a para empresa de Carrocerías,14 € - 15 €,Sin Data,De duracion determinada,Media Jornada,Sin Data,Grupo Adecco,Sin Data
2025-10-09,Trabajoscom,Barcelona,Todo Barcelona,Responsable administració i comptabilitat,Sin Data,Sin Data,Indefinido,Jornada Completa,Sin Data,EY,Sin Data
2025-10-09,Trabajoscom,Pontevedra,Todo Pontevedra,Operario/a Fábrica Metal (Discapacidad) - VALGA,Sin Data,Sin Data,Indefinido,Jornada Completa,Sin Data,EY,Sin Data
2025-10-09,Trabajoscom,Sevilla,Todo Sevilla,Técnico/a Mantenimiento Mecánico,Sin Data,Sin Data,Indefinido,Jornada Indiferente,Sin Data,Page Personnel ETT,Sin Data
2025-10-09,Trabajoscom,Barcelona,Todo Barcelona,Técnico SAT (por zona Barcelona y Vallés),Sin Data,Sin Data,Indefinido,Jornada Indiferente,Sin Data,Page Personnel ETT,Sin Data
2025-10-09,Trabajoscom,Barcelona,Todo Barcelona,Comercial pantallas digitales 48132db7,Sin Data,Sin Data,Indefinido,Jornada Indiferente,Sin Data,EY,Sin Data
2025-10-09,Trabajoscom,Gipuzkoa,Todo Gipuzkoa,CALDERERO/A SOLDADOR/A METAL,Sin Data,Sin Data,Indefinido,Jornada Completa,Sin Data,Grupompleo,Sin Data
2025-10-09,Trabajoscom,Valencia,Valencia,Asesor/a Comercial y Atención al Cliente energia,Sin Data,Sin Data,De duracion determinada,Jornada Completa,Sin Data,Temps,Sin Data
2025-10-09,Trabajoscom,Barcelona,Todo Barcelona,Proyectista mecánico senior - Maquinaria industrial,Sin Data,Sin Data,Indefinido,Jornada Indiferente,Sin Data,Page Personnel ETT,Sin Data
2025-10-09,Trabajoscom,Araba,Vitoria-Gasteiz,Especialista Mantenimiento (Electromecánico),240.000 €,Sin Data,De duracion determinada,Jornada Completa,Sin Data,Temps,Sin Data
2025-10-09,Trabajoscom,Zaragoza,La Muela,TECNICO/A CONTABLE,Sin Data,Sin Data,Indefinido,Jornada Completa,Sin Data,Temps,Sin Data
2025-10-09,Trabajoscom,Madrid,Coslada,COSLADA- CONDUCTOR DE TRAILER+CAP+TACÓGRAFO VIGOR,2.600 € - 2.700 €,Sin Data,Indefinido,Jornada Completa,Sin Data,Transportes y Logistica Avanzada,Sin Data
2025-10-09,Trabajoscom,Madrid,Madrid,TELEOPERADOR/A COMERCIAL CON INGLÉS BILINGÜE,Sin Data,Sin Data,Indefinido,Jornada Completa,Sin Data,Temps,Sin Data
2025-10-09,Trabajoscom,Guadalajara,Chiloeches,MOZOS/AS CLASIFICACION DE MERCANCIA,1.400 € - 1.500 €,Sin Data,De duracion determinada,Jornada Completa,Sin Data,Temps,Sin Data
2025-10-09,Trabajoscom,Valencia,Catadau,Operario/a alimentacion,10 € - 11 €,Sin Data,A tiempo parcial,Jornada Completa,Sin Data,Grupo Adecco,Sin Data
2025-10-09,Trabajoscom,Murcia,Canovas,LIMPIEZA EN LAS CANOVAS (MURCIA),Sin Data,Sin Data,A tiempo parcial,Trabajo Por Horas,Sin Data,Trigo y Martin Asociados,Sin Data
2025-10-09,Trabajoscom,Alicante,Javea/xabia,Comercial de Seguros Jávea (Fijo + Variable),Sin Data,Sin Data,Indefinido,Jornada Completa,Sin Data,SGS Seguros Santalucía,Sin Data
2025-10-09,Trabajoscom,Valladolid,Arroyo De La Encomienda,Personal de limpieza - Arroyo de la Encomienda,Sin Data,Sin Data,De duracion determinada,Jornada Indiferente,Sin Data,Limcamar,Sin Data
2025-10-09,Trabajoscom,Barcelona,Todo Barcelona,Comercial de seguros Barcelona-Sants (Fijo + Variable).,Sin Data,Sin Data,Autonomo,Jornada Indiferente,Sin Data,SGS Seguros Santalucía,Sin Data
2025-10-09,Trabajoscom,Madrid,Madrid,RECEPCIONISTA SALON PELUQUERIA,1.500 € - 18.000 €,Sin Data,Indefinido,Jornada Completa,Sin Data,Beauty Concept,Sin Data
2025-10-09,Trabajoscom,Gipuzkoa,Todo Gipuzkoa,Dependiente/a - comercial,Sin Data,Sin Data,Indefinido,Jornada Completa,Sin Data,Eurofirms,Sin Data
2025-10-09,Trabajoscom,Girona,Todo Girona,Técnico de Metrología,Sin Data,Sin Data,Indefinido,Jornada Indiferente,Sin Data,Page Personnel ETT,Sin Data
2025-10-09,Trabajoscom,Madrid,Todo Madrid,Controller Financiero con PRINEX,Sin Data,Sin Data,Indefinido,Jornada Indiferente,Sin Data,Page Personnel ETT,Sin Data
2025-10-09,Trabajoscom,Valencia,Todo Valencia,Oficial de Teleasistencia,Sin Data,Sin Data,Indefinido,Jornada Completa,Sin Data,EY,Sin Data
2025-10-09,Trabajoscom,Bizkaia,Todo Bizkaia,Operario/a de reciclaje para días sueltos,Sin Data,Sin Data,Indefinido,Jornada Intensiva,Sin Data,Grupompleo,Sin Data
2025-10-09,Trabajoscom,Madrid,Todo Madrid,MOZOS/CARRETILLERO PARA PLANTA AERONÁUTICA (H/M/X),Sin Data,Sin Data,Indefinido,Jornada Indiferente,Sin Data,Manpower Trabajo Temporal,Sin Data
2025-10-09,Trabajoscom,Cantabria,Todo Cantabria,CARNICERO 30h/Semana (H/M/X),Sin Data,Sin Data,Indefinido,Jornada Indiferente,Sin Data,Manpower Trabajo Temporal,Sin Data
2025-10-09,Trabajoscom,Barcelona,Todo Barcelona,"Customer Service con Inglés B2, Portugués y EXCEL",Sin Data,Sin Data,Indefinido,Jornada Indiferente,Sin Data,Page Personnel ETT,Sin Data
2025-10-09,Trabajoscom,Barcelona,Todo Barcelona,Ayudante de Cocina- Centro Residencial DomusVi Can Buxeres,Sin Data,Sin Data,De duracion determinada,Jornada Completa,Sin Data,DomusVi,Sin Data
2025-10-09,Trabajoscom,Castellón,Todo Castellón,Gerocultor/a - Auxiliar de enfermería Centro Residencial DomusVi Vilareal,Sin Data,Sin Data,De duracion determinada,Media Jornada,Sin Data,DomusVi,Sin Data
2025-10-09,Trabajoscom,Madrid,Madrid,Captador puntos de venta Naturgy,18.000 € - 24.000 €,Sin Data,Indefinido,Jornada Completa,Sin Data,Edeco Sales Solutions,Sin Data
2025-10-09,Trabajoscom,Girona,Arbucies,Tecnico/a de Laboratorio,16.000 € - 23.000 €,Sin Data,Indefinido,Jornada Completa,Sin Data,Synergie ETT,Sin Data
2025-10-09,Trabajoscom,Madrid,Todo Madrid,AUXILIAR DE JARDINERIA - MADRID,Sin Data,Sin Data,Indefinido,Jornada Completa,Sin Data,Empatif Staffing ETT,Sin Data
2025-10-09,Trabajoscom,Soria,Todo Soria,Director/a de Delegación Servicios RRHH,Sin Data,Sin Data,Indefinido,Jornada Completa,Sin Data,Iman Temporing,Sin Data
2025-10-09,Trabajoscom,Gipuzkoa,Todo Gipuzkoa,Gobernanta/e,Sin Data,Sin Data,Indefinido,Jornada Indiferente,Sin Data,Citius Outsourcing,Sin Data
2025-10-09,Trabajoscom,Navarra,Azagra,Técnico/a de Mantenimiento de Producción,25.000 € - 32.000 €,Sin Data,De duracion determinada,Jornada Completa,Sin Data,Iman Temporing,Sin Data
2025-10-09,Trabajoscom,A Coruña,A Coruña,Mozo/a de almacén - Carretillero/a,Sin Data,Sin Data,De duracion determinada,Jornada Completa,Sin Data,Faster Empleo ETT,Sin Data
2025-10-09,Trabajoscom,Burgos,Todo Burgos,Ingeniero electro-mecánico,Sin Data,Sin Data,Indefinido,Jornada Completa,Sin Data,Faster Talent ETT,Sin Data
2025-10-09,Trabajoscom,Barcelona,Sant Andreu De La Barca,Administrativo/a at cliente,Sin Data,Sin Data,De duracion determinada,Jornada Completa,Sin Data,Crit Interim España ETT,Sin Data
2025-10-09,Trabajoscom,Pontevedra,Todo Pontevedra,Auxiliar textil corte /confección H/M,Sin Data,Sin Data,De duracion determinada,Jornada Completa,Sin Data,Faster Empleo ETT,Sin Data
2025-10-09,Trabajoscom,Madrid,Valdemoro,Electromecánico/a de maquinaria obra.(Valdemoro),Sin Data,Sin Data,De duracion determinada,Jornada Completa,Sin Data,Iman Temporing,Sin Data
2025-10-09,Trabajoscom,Sevilla,Dos Hermanas,Mecánico/a  Industrial,Sin Data,Sin Data,De duracion determinada,Jornada Completa,Sin Data,Iman Temporing,Sin Data
2025-10-09,Trabajoscom,Madrid,Todo Madrid,Técnico/as control de plagas - Madrid,Sin Data,Sin Data,Indefinido,Jornada Completa,Sin Data,Iman Temporing,Sin Data
2025-10-09,Trabajoscom,Madrid,Getafe,Mozo/a Empaquetador/a con vehículo (Getafe),Sin Data,Sin Data,De duracion determinada,Jornada Completa,Sin Data,Iman Temporing,Sin Data
2025-10-09,Trabajoscom,Sevilla,Todo Sevilla,Operario/a de fábrica con turnicidad,Sin Data,Sin Data,De duracion determinada,Jornada Completa,Sin Data,Iman Temporing,Sin Data
2025-10-09,Trabajoscom,Madrid,San Agustin Del Guadalix,Técnico/a de mantenimiento-San Agustín de Guadalix,Sin Data,Sin Data,De duracion determinada,Jornada Completa,Sin Data,Iman Temporing,Sin Data
2025-10-09,Trabajoscom,Sevilla,Todo Sevilla,Comercial Administrativa/o,Sin Data,Sin Data,De duracion determinada,Jornada Completa,Sin Data,Faster Empleo ETT,Sin Data
2025-10-09,Trabajoscom,Sevilla,Todo Sevilla,Operador/a de Atención al Cliente,Sin Data,Sin Data,Indefinido,Jornada Completa,Sin Data,Iman Temporing,Sin Data
2025-10-09,Trabajoscom,Barcelona,Palau-Solita I Plegamans,Gestor/a de Cuentas Junior * Automoción CVS,Sin Data,Sin Data,Indefinido,Jornada Completa,Sin Data,Crit Interim España ETT,Sin Data
2025-10-09,Trabajoscom,Barcelona,Todo Barcelona,Asesor comercial motocicletas,Sin Data,Sin Data,Indefinido,Jornada Completa,Sin Data,Iman Temporing,Sin Data
2025-10-09,Trabajoscom,Barcelona,El Papiol,Manipulador/a envasado y etiquetado-discapacidad 33%,Sin Data,Sin Data,De duracion determinada,Jornada Completa,Sin Data,Crit Interim España ETT,Sin Data
2025-10-09,Trabajoscom,Barcelona,Sabadell,DEPENDIENTE/A REPONEDOR/A SUPERMERCADO,Sin Data,Sin Data,Indefinido,Jornada Completa,Sin Data,Empatif Staffing ETT,Sin Data
2025-10-09,Trabajoscom,Barcelona,Barbera Del Valles,Técnico laboratorio análisis y control de calidad,Sin Data,Sin Data,Indefinido,Jornada Completa,Sin Data,Crit Interim España ETT,Sin Data
2025-10-09,Trabajoscom,Barcelona,Llinars Del Valles,QUALITY MANAGER – ÁREA DE OPERACIONES,5.900 € - 6.250 €,Sin Data,Indefinido,Jornada Completa,Sin Data,Crit Interim España ETT,Sin Data
2025-10-09,Trabajoscom,Las Palmas,Las Palmas De Gran Canaria,Área Manager – Outsourcing/Rent a Car,Sin Data,Sin Data,Indefinido,Jornada Indiferente,Sin Data,Citius Solutions,Sin Data
2025-10-09,Trabajoscom,Sevilla,Dos Hermanas,Controller,28.000 € - 30.000 €,Sin Data,Indefinido,Jornada Completa,Sin Data,Crit Interim España ETT,Sin Data
2025-10-09,Trabajoscom,Barcelona,Sabadell,Técnico/a en diseño textil i corte laser,Sin Data,Sin Data,Indefinido,Jornada Completa,Sin Data,Crit Interim España ETT,Sin Data
2025-10-09,Trabajoscom,León,Villadangos Del Paramo,MOZO/A DE ALMACEN - INCORPORACION INMEDIATA,Sin Data,Sin Data,De duracion determinada,Jornada Completa,Sin Data,Empatif Staffing ETT,Sin Data
2025-10-09,Trabajoscom,Barcelona,Manresa,Mosso/a magatzem,Sin Data,Sin Data,Indefinido,Jornada Completa,Sin Data,Iman Temporing,Sin Data
2025-10-09,Trabajoscom,Bizkaia,Santurtzi,Mozo/a de Almacén. Jornada parcial,Sin Data,Sin Data,De duracion determinada,Jornada Completa,Sin Data,Iman Temporing,Sin Data
2025-10-09,Trabajoscom,Barcelona,Montcada I Reixac,ADMINISTRATIVA/O CONTABLE CON INGLES C1,Sin Data,Sin Data,A tiempo parcial,Media Jornada,Sin Data,Empatif Staffing ETT,Sin Data
2025-10-09,Trabajoscom,Barcelona,Castelldefels,Administrativo/ a Contable con Inglés,Sin Data,Sin Data,De duracion determinada,Jornada Completa,Sin Data,Crit Interim España ETT,Sin Data
2025-10-09,Trabajoscom,Cantabria,Santander,Asesor/a servicio motocicletas,Sin Data,Sin Data,Indefinido,Jornada Completa,Sin Data,Crit Interim España ETT,Sin Data
2025-10-09,Trabajoscom,Huelva,Palos De La Frontera,Operario/a Limpieza,Sin Data,Sin Data,De duracion determinada,Media Jornada,Sin Data,Crit Interim España ETT,Sin Data
2025-10-09,Trabajoscom,Barcelona,Martorell,Operario/a de prensas,Sin Data,Sin Data,Indefinido,Jornada Completa,Sin Data,Iman Temporing,Sin Data
2025-10-09,Trabajoscom,Madrid,Todo Madrid,"Instalador/a, cableador/a eléctrico",Sin Data,Sin Data,Indefinido,Jornada Completa,Sin Data,Grupo Adecco,Sin Data
2025-10-09,Trabajoscom,Sevilla,Mairena Del Aljarafe,TELEOPERADOR ENERGETICO,900 € - 1.000 €,Sin Data,Fijo discontinuo,Media Jornada,Sin Data,Grupo eden asesores,Sin Data
2025-10-09,Trabajoscom,Madrid,Madrid,REPARTO DE PAQUETERIA,12 €,Sin Data,De duracion determinada,Jornada Completa,Sin Data,Temps,Sin Data
2025-10-09,Trabajoscom,Zaragoza,Remolinos,Pintor/a industrial airless,2.000 € - 2.100 €,Sin Data,De duracion determinada,Jornada Completa,Sin Data,Temps,Sin Data
2025-10-09,Trabajoscom,Alicante,Alacant/alicante,COORDINADOR/A EQUIPO TELE VENTA ELCHE,20.000 € - 30.000 €,Sin Data,Indefinido,Jornada Completa,Sin Data,Temps,Sin Data
2025-10-09,Trabajoscom,Madrid,San Fernando De Henares,ADMINISTRATIVO/A CON EXPERIENCIA EN REVISIÓN Y ELABORACIÓN DE TABALAS DE DATOS,Sin Data,Sin Data,De duracion determinada,Jornada Completa,Sin Data,Temps,Sin Data
2025-10-09,Trabajoscom,Madrid,Madrid,Administrativo/a Contable- zona Griñon,24.000 € - 25.000 €,Sin Data,De duracion determinada,Jornada Completa,Sin Data,Temps,Sin Data
2025-10-09,Trabajoscom,Huesca,Huesca,Camarero/a de pisos,Sin Data,Sin Data,A tiempo parcial,Jornada Completa,Sin Data,Temps,Sin Data
2025-10-09,Trabajoscom,Madrid,Alcobendas,Analista de Procesos,30.000 € - 33.000 €,Sin Data,De duracion determinada,Jornada Completa,Sin Data,Temps,Sin Data
2025-10-09,Trabajoscom,Madrid,Madrid,"Operarias(os) para limpieza, lavado y planchado del Textil",Sin Data,Sin Data,De duracion determinada,Media Jornada,Sin Data,TELELAVO,Sin Data
2025-10-09,Trabajoscom,Bizkaia,Elorrio,Delineante CAD,Sin Data,Sin Data,De duracion determinada,Jornada Completa,Sin Data,Temps,Sin Data
2025-10-09,Trabajoscom,Barcelona,Viladecavalls,CARRETILLERO/A FRONTAL Y RETRÁCTIL TURNO FIJO NOCHE,14 € - 16 €,Sin Data,De duracion determinada,Jornada Completa,Sin Data,Temps,Sin Data
2025-10-09,Trabajoscom,Madrid,Madrid,DEPENDIENTA/E ATENCIÓN A NOVIAS - MADRID,19.000 €,Sin Data,Indefinido,Jornada Completa,Sin Data,Temps,Sin Data
2025-10-09,Trabajoscom,Madrid,Madrid,MECANICO HERRAMIENTA PEQUEÑA,Sin Data,Sin Data,Indefinido,Jornada Completa,Sin Data,Temps,Sin Data
2025-10-09,Trabajoscom,Madrid,Madrid,Ayudante de impresión packaging turnos rotativos - Griñón,Sin Data,Sin Data,De duracion determinada,Jornada Completa,Sin Data,Temps,Sin Data
2025-10-09,Trabajoscom,Madrid,Madrid,Ayudante/a de Troquelado - rotativos - Griñón,Sin Data,Sin Data,De duracion determinada,Jornada Completa,Sin Data,Temps,Sin Data
2025-10-09,Trabajoscom,Gipuzkoa,Bergara,Soldador/a,Sin Data,Sin Data,De duracion determinada,Jornada Completa,Sin Data,Temps,Sin Data
2025-10-09,Trabajoscom,Madrid,Madrid,CAMAREROS EXTRAS CON PROTOCOLO,Sin Data,Sin Data,Indefinido,Jornada Indiferente,Sin Data,Temps,Sin Data
2025-10-09,Trabajoscom,Cantabria,Torrelavega,Teleoperador/a Comercial de Seguros Torrelavega- Tardes- Indefinido,1.000 € - 1.200 €,Sin Data,Indefinido,Jornada Intensiva,Sin Data,Accepta Servicios Integrales,Sin Data
2025-10-09,Trabajoscom,Girona,Todo Girona,Jefe de turno - logística (H/M/X),Sin Data,Sin Data,Indefinido,Jornada Indiferente,Sin Data,Manpower Trabajo Temporal,Sin Data
2025-10-09,Trabajoscom,Madrid,Colmenar Del Arroyo,PROFESIONAL TALLER SALUD Y PREVENCIÓN PERSONAS MAYORES EN COLMENAR DEL ARROYO,Sin Data,Sin Data,Fijo discontinuo,Trabajo Por Horas,Sin Data,Hartford,Sin Data
2025-10-09,Trabajoscom,Castellón,Todo Castellón,Arquitecto/a junior,Sin Data,Sin Data,Indefinido,Jornada Indiferente,Sin Data,Page Personnel ETT,Sin Data
2025-10-09,Trabajoscom,Girona,Todo Girona,Técnico Comercial Prescripción Industria,Sin Data,Sin Data,Indefinido,Jornada Indiferente,Sin Data,Page Personnel ETT,Sin Data
2025-10-09,Trabajoscom,Araba,Vitoria-Gasteiz,Comercial seguros VITORIA LAKUA,Sin Data,Sin Data,Indefinido,Jornada Completa,Sin Data,SGS Seguros Santalucía,Sin Data
2025-10-09,Trabajoscom,Valencia,Todo Valencia,Modelador/a BIM Revit MEP,Sin Data,Sin Data,Indefinido,Jornada Indiferente,Sin Data,Page Personnel ETT,Sin Data
2025-10-09,Trabajoscom,Madrid,Madrid,Comercial de Seguros Madrid San Blas(Fijo + Variable),Sin Data,Sin Data,Indefinido,Jornada Completa,Sin Data,SGS Seguros Santalucía,Sin Data
2025-10-09,Trabajoscom,Madrid,Madrid,Comercial de Seguros MADRID-LA VAGUADA (Fijo + Variable),Sin Data,Sin Data,Indefinido,Jornada Completa,Sin Data,SGS Seguros Santalucía,Sin Data
2025-10-09,Trabajoscom,Asturias,Mieres,Comercial seguros Mieres (Fijo + Variable),Sin Data,Sin Data,Indefinido,Jornada Completa,Sin Data,SGS Seguros Santalucía,Sin Data
2025-10-09,Trabajoscom,León,Ponferrada,Comercial de seguros Ponferrada (Fijo + Variable),Sin Data,Sin Data,Autonomo,Jornada Indiferente,Sin Data,SGS Seguros Santalucía,Sin Data
2025-10-09,Trabajoscom,Gipuzkoa,Tolosa,Comercial seguros TOLOSA,Sin Data,Sin Data,Indefinido,Jornada Completa,Sin Data,SGS Seguros Santalucía,Sin Data
2025-10-09,Trabajoscom,Barcelona,Todo Barcelona,"Game Presenter with English (with no previous experience) - Sofia, Bulgaria",Sin Data,Sin Data,Indefinido,Jornada Completa,Sin Data,Arrise,Sin Data
2025-10-09,Trabajoscom,Madrid,Madrid,Asesor/a Comercial (Fintech) | Impulsa el éxito de las PYMES en Madrid,1.600 € - 2.000 €,Sin Data,Indefinido,Jornada Completa,Sin Data,myPOS,Sin Data
2025-10-09,Trabajoscom,Valladolid,Todo Valladolid,Proyectista mecánico/a 452bc0a7,Sin Data,Sin Data,Indefinido,Jornada Indiferente,Sin Data,EY,Sin Data
2025-10-09,Trabajoscom,Barcelona,Todo Barcelona,Responsable Equipo Mecanizados,Sin Data,Sin Data,Indefinido,Jornada Completa,Sin Data,EY,Sin Data
2025-10-09,Trabajoscom,Barcelona,Premia De Mar,Comercial de seguros Premiá del Mar (Barcelona) (Fijo + Variable).,Sin Data,Sin Data,Autonomo,Jornada Indiferente,Sin Data,SGS Seguros Santalucía,Sin Data
2025-10-09,Trabajoscom,Bizkaia,Todo Bizkaia,Administrativo/a logística,Sin Data,Sin Data,Indefinido,Jornada Completa,Sin Data,Grupompleo,Sin Data
2025-10-09,Trabajoscom,Segovia,Todo Segovia,Mecánico/a agrícola a2bfc70f,Sin Data,Sin Data,Indefinido,Jornada Indiferente,Sin Data,EY,Sin Data
2025-10-09,Trabajoscom,Madrid,Todo Madrid,Order entry clerk (grabador/a de datos) b854fa7f,Sin Data,Sin Data,Indefinido,Jornada Indiferente,Sin Data,EY,Sin Data
2025-10-09,Trabajoscom,Navarra,Todo Navarra,CARRETILLERO/A,Sin Data,Sin Data,Indefinido,Jornada Completa,Sin Data,Grupompleo,Sin Data
2025-10-09,Trabajoscom,Valencia,Todo Valencia,Mecánico con C+E,Sin Data,Sin Data,Indefinido,Jornada Indiferente,Sin Data,Page Personnel ETT,Sin Data
2025-10-09,Trabajoscom,Barcelona,Caldes De Montbui,OPERARIO/A,1.300 € - 1.400 €,Sin Data,De duracion determinada,Jornada Completa,Sin Data,Temps,Sin Data
2025-10-09,Trabajoscom,Madrid,Coslada,Copy REPARTIDOR/A DE PAQUETERÍA,1.400 €,Sin Data,De duracion determinada,Media Jornada,Sin Data,Temps,Sin Data
2025-10-09,Trabajoscom,Madrid,Majadahonda,Limpiadora para Escuela Infantil,Sin Data,Sin Data,Relevo,Jornada Completa,Sin Data,Grupo Educativo,Sin Data
2025-10-09,Trabajoscom,Valencia,Valencia,Peón/peona de retrabajos,Sin Data,Sin Data,De duracion determinada,Jornada Completa,Sin Data,Temps,Sin Data
2025-10-09,Trabajoscom,Madrid,Madrid,Pegador/a de estuches de cartoncillo-HISPAGRAF,Sin Data,Sin Data,Indefinido,Jornada Completa,Sin Data,Temps,Sin Data
2025-10-09,Trabajoscom,Zaragoza,Zaragoza,Operario/a de Torno CNC,25.000 € - 30.000 €,Sin Data,Indefinido,Jornada Completa,Sin Data,Temps,Sin Data
2025-10-09,Trabajoscom,Sevilla,Sevilla,MOZO/A DE ALMACÉN para SEVILLA,12 €,Sin Data,Indefinido,Jornada Completa,Sin Data,Temps,Sin Data
2025-10-09,Trabajoscom,Valencia,Valencia,Administrativo/a de PRL,Sin Data,Sin Data,De duracion determinada,Jornada Completa,Sin Data,Temps,Sin Data
2025-10-09,Trabajoscom,Salamanca,Todo Salamanca,Ingeniero Técnico Comisionado (H/M/X),Sin Data,Sin Data,Indefinido,Jornada Indiferente,Sin Data,Manpower Trabajo Temporal,Sin Data
2025-10-09,Trabajoscom,Madrid,Todo Madrid,Accounting & Treasury Specialist,Sin Data,Sin Data,Indefinido,Jornada Indiferente,Sin Data,Page Personnel ETT,Sin Data
2025-10-09,Trabajoscom,León,Todo León,Responsable de Diseño Gráfico y Marketing (H/M/X) Contrato estable,Sin Data,Sin Data,Indefinido,Jornada Indiferente,Sin Data,Manpower Trabajo Temporal,Sin Data
2025-10-09,Trabajoscom,Madrid,Todo Madrid,Social media manager - sector restauración,Sin Data,Sin Data,Indefinido,Jornada Indiferente,Sin Data,Page Personnel ETT,Sin Data
2025-10-09,Trabajoscom,Madrid,Todo Madrid,Operario/ Manipulador de Packaging,Sin Data,Sin Data,Indefinido,Jornada Indiferente,Sin Data,EY,Sin Data
2025-10-09,Trabajoscom,Navarra,Todo Navarra,PLEGADOR/A,Sin Data,Sin Data,Indefinido,Jornada Indiferente,Sin Data,Grupompleo,Sin Data
2025-10-09,Trabajoscom,Madrid,Todo Madrid,Office Manager con Inglés y Frances.,Sin Data,Sin Data,Indefinido,Jornada Indiferente,Sin Data,Page Personnel ETT,Sin Data
2025-10-09,Trabajoscom,Rioja,Todo Rioja,Supervisor de Almacén (H/M),Sin Data,Sin Data,Indefinido,Jornada Indiferente,Sin Data,Page Personnel ETT,Sin Data
2025-10-09,Trabajoscom,Toledo,Todo Toledo,Becario/a RRHH,Sin Data,Sin Data,Indefinido,Media Jornada,Sin Data,EY,Sin Data
2025-10-09,Trabajoscom,Madrid,Todo Madrid,Tecnico reparaciones electrodomésticos,Sin Data,Sin Data,Indefinido,Jornada Completa,Sin Data,EY,Sin Data
2025-10-09,Trabajoscom,Barcelona,Todo Barcelona,Corporate Solutions Junior QA Specialist,Sin Data,Sin Data,Indefinido,Jornada Indiferente,Sin Data,Page Personnel ETT,Sin Data
2025-10-09,Trabajoscom,Madrid,Todo Madrid,Desarrollador Senior C++,Sin Data,Sin Data,Indefinido,Jornada Indiferente,Sin Data,Page Personnel ETT,Sin Data
2025-10-09,Trabajoscom,Madrid,Todo Madrid,Responsable de Delegación,Sin Data,Sin Data,Indefinido,Jornada Indiferente,Sin Data,Page Personnel ETT,Sin Data
2025-10-09,Trabajoscom,Valladolid,Todo Valladolid,Project manager automoción df01fe9d,Sin Data,Sin Data,Indefinido,Jornada Indiferente,Sin Data,EY,Sin Data
2025-10-09,Trabajoscom,Barcelona,Todo Barcelona,Sales Support and Operations Coordinator (Digital Platform),Sin Data,Sin Data,Indefinido,Jornada Indiferente,Sin Data,Page Personnel ETT,Sin Data
2025-10-09,Trabajoscom,Barcelona,Todo Barcelona,Técnico/a Laboral,23.000 € - 26.000 €,Sin Data,Indefinido,Jornada Indiferente,Sin Data,Bufet D´estudis Juridics i Empresarials,Sin Data
2025-10-09,Trabajoscom,Alicante,Todo Alicante,Técnico Generalista RRHH,Sin Data,Sin Data,Indefinido,Jornada Indiferente,Sin Data,Page Personnel ETT,Sin Data
2025-10-09,Trabajoscom,Albacete,Todo Albacete,"Gestor Comercial, Autónomo con Alta Comisión e Incentivos por objetivos",Sin Data,Sin Data,Indefinido,Jornada Completa,Sin Data,EY,Sin Data
2025-10-09,Trabajoscom,Valladolid,Arroyo De La Encomienda,"Jardinero/a - Jornada Completa (37,5 horas/semanales)",Sin Data,Sin Data,De duracion determinada,Jornada Completa,Sin Data,Limcamar,Sin Data
2025-10-09,Trabajoscom,Cáceres,Caceres,Comercial de seguros Cáceres (Nuevo) (Fijo + Variable).,Sin Data,Sin Data,Autonomo,Jornada Indiferente,Sin Data,SGS Seguros Santalucía,Sin Data
2025-10-09,Trabajoscom,La Rioja,Calahorra,Comercial de seguros Calahorra (Fijo + Variable).,Sin Data,Sin Data,Autonomo,Jornada Indiferente,Sin Data,SGS Seguros Santalucía,Sin Data
2025-10-09,Trabajoscom,Bizkaia,Santurtzi,Vendedor Laboral de Seguros Santurtzi (Lunes a Viernes),Sin Data,Sin Data,Indefinido,Jornada Indiferente,Sin Data,SGS Seguros Santalucía,Sin Data
2025-10-09,Trabajoscom,Madrid,Madrid,Profesor/a nativo de inglés extraescolar,15 € - 16 €,Sin Data,De duracion determinada,Trabajo Por Horas,Sin Data,Hartford,Sin Data
2025-10-09,Trabajoscom,Tarragona,Todo Tarragona,Responsable de Calidad,Sin Data,Sin Data,Indefinido,Jornada Indiferente,Sin Data,Page Personnel ETT,Sin Data
2025-10-09,Trabajoscom,Burgos,Todo Burgos,Mecánico/a de industrial pesado b59c5871,Sin Data,Sin Data,Indefinido,Jornada Indiferente,Sin Data,EY,Sin Data
2025-10-09,Trabajoscom,Valencia,Todo Valencia,Ingeniero/a de Mejora Continua y Digitalización,Sin Data,Sin Data,Indefinido,Jornada Indiferente,Sin Data,Page Personnel ETT,Sin Data
2025-10-09,Trabajoscom,Madrid,Todo Madrid,Ingeniero de certificación y pruebas,Sin Data,Sin Data,Indefinido,Jornada Indiferente,Sin Data,Page Personnel ETT,Sin Data
2025-10-09,Trabajoscom,Barcelona,Todo Barcelona,Programador/a Informático/sistemas- JAVA- Híbrido,Sin Data,Sin Data,Indefinido,Jornada Indiferente,Sin Data,Page Personnel ETT,Sin Data
2025-10-09,Trabajoscom,Barcelona,Todo Barcelona,KAM para materiales de construcción (pavimentos),Sin Data,Sin Data,Indefinido,Jornada Indiferente,Sin Data,Page Personnel ETT,Sin Data
2025-10-09,Trabajoscom,Barcelona,Todo Barcelona,Director Comercial - Inmobiliaria Alto Standing,Sin Data,Sin Data,Indefinido,Jornada Indiferente,Sin Data,Page Personnel ETT,Sin Data
2025-10-09,Trabajoscom,Coruña,Todo Coruña,Promotor/a stand - Días 17 y 18/10,Sin Data,Sin Data,Indefinido,Media Jornada,Sin Data,Eurofirms,Sin Data
2025-10-09,Trabajoscom,Girona,Hostalric,ANALISTA LABORATORIO- CONTROL DE CALIDAD,12 € - 14 €,Sin Data,Indefinido,Jornada Completa,Sin Data,Synergie ETT,Sin Data
2025-10-09,Trabajoscom,Girona,Arbucies,Tecnico/a de Laboratorio,16.000 € - 23.000 €,Sin Data,Indefinido,Jornada Completa,Sin Data,Synergie ETT,Sin Data
2025-10-09,Trabajoscom,Girona,Arbucies,Tecnico/a de Laboratorio,16.000 € - 23.000 €,Sin Data,Indefinido,Jornada Completa,Sin Data,Synergie ETT,Sin Data
2025-10-09,Trabajoscom,Girona,Sant Feliu De Buixalleu,COMERCIAL,17.000 € - 25.000 €,Sin Data,De duracion determinada,Jornada Completa,Sin Data,Synergie ETT,Sin Data
2025-10-09,Trabajoscom,Málaga,Antequera,Técnico de mantenimiento electromecánico - (H/M),Sin Data,Sin Data,De duracion determinada,Jornada Completa,Sin Data,Crit Interim España ETT,Sin Data
2025-10-09,Trabajoscom,Cantabria,Medio Cudeyo,OPERARIO/A  FUNDICION,22 €,Sin Data,Indefinido,Jornada Indiferente,Sin Data,Iman Temporing,Sin Data
2025-10-09,Trabajoscom,Barcelona,Sant Feliu De Llobregat,Inside Sales - Sant Feliu de Llobregat,Sin Data,Sin Data,De duracion determinada,Jornada Completa,Sin Data,Crit Interim España ETT,Sin Data
2025-10-09,Trabajoscom,Madrid,Todo Madrid,Marketing Assistant,Sin Data,Sin Data,Indefinido,Jornada Completa,Sin Data,Crit Interim España ETT,Sin Data
2025-10-09,Trabajoscom,Almería,El Ejido,Carretillero/a frontal i retráctil,Sin Data,Sin Data,De duracion determinada,Jornada Indiferente,Sin Data,Iman Temporing,Sin Data
2025-10-09,Trabajoscom,Navarra,Pamplona/iruña,Técnico/a de Mantenimiento y Cambio de moldes,Sin Data,Sin Data,Indefinido,Jornada Completa,Sin Data,Pacto,Sin Data
2025-10-09,Trabajoscom,Barcelona,Sabadell,Operario/a inyección 5to turno,Sin Data,Sin Data,De duracion determinada,Jornada Completa,Sin Data,Iman Temporing,Sin Data
2025-10-09,Trabajoscom,Murcia,Murcia,Operario Básico de Mantenimiento (H/M) Beniajan,Sin Data,Sin Data,De duracion determinada,Jornada Completa,Sin Data,Crit Interim España ETT,Sin Data
2025-10-09,Trabajoscom,Barcelona,Sant Quirze Del Valles,Administrativo/a de Tráfico,Sin Data,Sin Data,Indefinido,Jornada Completa,Sin Data,Iman Temporing,Sin Data
2025-10-09,Trabajoscom,Pontevedra,Todo Pontevedra,Dependiente/a almacenero,Sin Data,Sin Data,De duracion determinada,Jornada Completa,Sin Data,Faster Empleo ETT,Sin Data
2025-10-09,Trabajoscom,Barcelona,Todo Barcelona,Mozo/a de Almacén,19.000 €,Sin Data,De duracion determinada,Jornada Completa,Sin Data,Crit Interim España ETT,Sin Data
2025-10-09,Trabajoscom,Barcelona,Parets Del Valles,Operaria/o Montador maquinaria junior- Parets,Sin Data,Sin Data,Indefinido,Jornada Completa,Sin Data,Crit Interim España ETT,Sin Data
2025-10-09,Trabajoscom,Barcelona,Parets Del Valles,Manipulador/a,Sin Data,Sin Data,De duracion determinada,Jornada Completa,Sin Data,Crit Interim España ETT,Sin Data
2025-10-09,Trabajoscom,Madrid,Getafe,Electromecánico/a industrial- Getafe,Sin Data,Sin Data,De duracion determinada,Jornada Completa,Sin Data,Iman Temporing,Sin Data
2025-10-09,Trabajoscom,Granada,Salobreña,Operario/a de envasado,Sin Data,Sin Data,De duracion determinada,Jornada Completa,Sin Data,Crit Interim España ETT,Sin Data
2025-10-09,Trabajoscom,Alicante,Todo Alicante,Trabajador/a Social Centro Residencial DomusVi Elche Carrús,Sin Data,Sin Data,Indefinido,Jornada Completa,Sin Data,DomusVi,Sin Data
2025-10-09,Trabajoscom,Madrid,Todo Madrid,Técnico/a electrohidráulico/a - Puesto Estable,Sin Data,Sin Data,De duracion determinada,Jornada Completa,Sin Data,Iman Temporing,Sin Data
2025-10-09,Trabajoscom,Navarra,Pamplona/iruña,Subgobernanta/e,Sin Data,Sin Data,Indefinido,Jornada Indiferente,Sin Data,Citius Outsourcing,Sin Data
2025-10-09,Trabajoscom,Málaga,Antequera,Carpintero/Soldador metálico -(H/M),Sin Data,Sin Data,De duracion determinada,Jornada Completa,Sin Data,Crit Interim España ETT,Sin Data
2025-10-09,Trabajoscom,Zaragoza,La Puebla De Alfinden,Operario/a producción (Turno Tarde),Sin Data,Sin Data,De duracion determinada,Jornada Indiferente,Sin Data,Iman Temporing,Sin Data
2025-10-09,Trabajoscom,Sevilla,Alcala De Guadaira,Verificador/a de calidad (H/M),Sin Data,Sin Data,De duracion determinada,Jornada Completa,Sin Data,Crit Interim España ETT,Sin Data
2025-10-09,Trabajoscom,Huesca,Monzon,CARNICERO/A,Sin Data,Sin Data,Indefinido,Jornada Completa,Sin Data,Iman Temporing,Sin Data
2025-10-09,Trabajoscom,Huesca,Monzon,PESCADERO/A,Sin Data,Sin Data,Indefinido,Jornada Completa,Sin Data,Iman Temporing,Sin Data
2025-10-09,Trabajoscom,Huesca,Monzon,PEON/A SOLDADOR/A,Sin Data,Sin Data,Indefinido,Jornada Completa,Sin Data,Iman Temporing,Sin Data
2025-10-09,Trabajoscom,A Coruña,Noia,Enfermero/a - DUE Centro Residencial DomusVi Noia,Sin Data,Sin Data,Indefinido,Jornada Completa,Sin Data,DomusVi,Sin Data
2025-10-09,Trabajoscom,Tarragona,Reus,Mozo/a de almacén con Formación 20 horas Metal,Sin Data,Sin Data,De duracion determinada,Jornada Indiferente,Sin Data,Iman Temporing,Sin Data
2025-10-09,Trabajoscom,Cantabria,Torrelavega,Mecánico/a de Vehículos,Sin Data,Sin Data,De duracion determinada,Jornada Completa,Sin Data,Crit Interim España ETT,Sin Data
2025-10-09,Trabajoscom,Madrid,Todo Madrid,Manipuladores de alimentos (turnos rotativos),Sin Data,Sin Data,De duracion determinada,Jornada Completa,Sin Data,Crit Interim España ETT,Sin Data
2025-10-09,Trabajoscom,Madrid,Todo Madrid,Carnicero/a o Pescadero/a en Fabrica (Pinto),Sin Data,Sin Data,Indefinido,Jornada Completa,Sin Data,Crit Interim España ETT,Sin Data
2025-10-09,Trabajoscom,Girona,Girona,Técnico/a Electromecánico/a - Girona,Sin Data,Sin Data,Indefinido,Jornada Completa,Sin Data,Iman Temporing,Sin Data
